Country Name,Country Code,Indicator Name,Indicator Code,1960,1961,1962,1963,1964,1965,1966,1967,1968,1969,1970,1971,1972,1973,1974,1975,1976,1977,1978,1979,1980,1981,1982,1983,1984,1985,1986,1987,1988,1989,1990,1991,1992,1993,1994,1995,1996,1997,1998,1999,2000,2001,2002,2003,2004,2005,2006,2007,2008,2009,2010,2011,2012,2013,2014,2015,2016,2017,2018,2019,2020
Aruba,ABW,"GNI per capita, Atlas method (current US$)",NY.GNP.PCAP.CD,,,,,,,,,,,,,,,,,,,,,,,,,,,,,10360,11760,12230,13190,14000,14610,15640,16230,16370,17220,17620,17880,20000,19170,17890,20070,22630,19200,23340,21680,25510,23770,22370,22450,23520,24420,25190,26250,26560,26810,,,
Afghanistan,AFG,"GNI per capita, Atlas method (current US$)",NY.GNP.PCAP.CD,,,,,,,,,,,,,,,,,,,,,,,,,,,,,,,,,,,,,,,,,,,,,,,,,,450,510,530,630,660,630,600,570,560,550,540,
Angola,AGO,"GNI per capita, Atlas method (current US$)",NY.GNP.PCAP.CD,,,,,,,,,,,,,,,,,,,,,,,,,,590,680,660,650,850,780,900,330,290,180,370,360,450,410,330,360,390,590,710,1010,1370,1810,2460,3030,3170,3240,3420,4170,4780,5010,4520,3770,3450,3210,3050,
Albania,ALB,"GNI per capita, Atlas method (current US$)",NY.GNP.PCAP.CD,,,,,,,,,,,,,,,,,,,,,,,,,,,700,730,730,760,650,410,280,320,380,640,890,800,860,950,1100,1280,1370,1650,2100,2620,3050,3460,4030,4280,4360,4410,4360,4540,4540,4390,4320,4290,4860,5240,
Andorra,AND,"GNI per capita, Atlas method (current US$)",NY.GNP.PCAP.CD,,,,,,,,,,,,,,,,,,,,,,,,,,,,,,,,,,,,,,,,,,,,,,,,,,,,,,,,,,,,,
Arab World,ARB,"GNI per capita, Atlas method (current US$)",NY.GNP.PCAP.CD,,,,,,,,,,,,,,,,,,,,,,,,,,,,,,,,,,,2110.42075,2148.837257,2241.829003,2306.550462,2307.663088,2279.97972,2403.39411,2493.128123,2474.275767,2684.229149,3072.450496,3509.175523,4018.434699,4630.110842,5436.799127,5510.018622,5778.322591,6048.061458,6984.215993,7483.010419,7522.738925,7042.873351,6583.828058,6082.668627,6279.674858,6502.415201,
United Arab Emirates,ARE,"GNI per capita, Atlas method (current US$)",NY.GNP.PCAP.CD,,,,,,,,,,,,,,,,,,,,,,,,,,,,,,,,,,,,,,,,,31400,31970,30940,32780,36160,37500,39380,39590,39910,35000,33400,35030,39220,42840,44330,42860,40570,39290,41470,43470,
Argentina,ARG,"GNI per capita, Atlas method (current US$)",NY.GNP.PCAP.CD,,,,,1120,1230,1350,1240,1210,1300,1320,1470,1470,1820,2470,2720,2360,2220,2190,2630,2910,2820,2670,2870,2830,2700,3020,3590,3960,2930,3190,3860,6070,7120,7620,7360,7740,8150,8030,7580,7470,7000,4040,3650,3370,4260,5480,6510,7670,7790,9270,10710,11870,12840,12330,12570,12220,13120,12390,11200,
Armenia,ARM,"GNI per capita, Atlas method (current US$)",NY.GNP.PCAP.CD,,,,,,,,,,,,,,,,,,,,,,,,,,,,,,,,,310,360,400,470,520,560,590,610,660,710,800,960,1180,1540,2020,2760,3600,3340,3470,3530,3880,4110,4140,4010,3760,3950,4230,4680,
American Samoa,ASM,"GNI per capita, Atlas method (current US$)",NY.GNP.PCAP.CD,,,,,,,,,,,,,,,,,,,,,,,,,,,,,,,,,,,,,,,,,,,,,,,,,,,,,,,,,,,,,
Antigua and Barbuda,ATG,"GNI per capita, Atlas method (current US$)",NY.GNP.PCAP.CD,,,,,,,,,,,,,,,,,,,,1740,2180,2430,2470,2690,3170,3610,3970,4880,6040,6450,6820,7230,7470,7960,8450,8140,8700,9080,9270,9610,10140,9850,9670,10530,11440,12410,13800,15070,15230,13560,12690,12370,12780,12610,12730,12970,13460,14440,15890,16660,
Australia,AUS,"GNI per capita, Atlas method (current US$)",NY.GNP.PCAP.CD,,,1870,1970,2100,2270,2340,2530,2730,2970,3270,3470,3880,4640,5940,7210,7850,8070,8460,9580,10810,11850,12060,11570,12010,11990,12280,12530,14100,15560,17300,18190,18500,18860,18830,19250,20440,21900,21740,21430,21120,20110,19990,21120,25480,30310,34090,37300,42330,44050,46630,50320,60210,66020,65150,60500,54140,51600,53250,54910,
Austria,AUT,"GNI per capita, Atlas method (current US$)",NY.GNP.PCAP.CD,,,1060,1140,1240,1340,1470,1560,1680,1850,2070,2320,2760,3580,4650,5540,5980,6660,7540,9620,11460,11180,10380,9600,9270,9360,10820,13810,18070,19300,20630,21810,24520,24870,26140,28190,30090,29560,27970,27080,26790,25290,24970,28020,33750,38720,41460,44510,49110,49000,49610,50590,50060,50700,50370,47450,46220,45150,49400,51300,
Azerbaijan,AZE,"GNI per capita, Atlas method (current US$)",NY.GNP.PCAP.CD,,,,,,,,,,,,,,,,,,,,,,,,,,,,,,,,,,590,440,400,410,450,510,570,610,650,710,810,940,1270,1900,2710,3870,4790,5370,5460,6410,7410,7690,6570,4760,4090,4060,4480,
Burundi,BDI,"GNI per capita, Atlas method (current US$)",NY.GNP.PCAP.CD,,,70,80,80,70,60,50,50,50,70,70,70,80,100,110,120,140,150,180,220,250,240,230,220,240,250,260,250,230,220,220,210,180,160,150,140,150,150,140,130,130,130,120,120,140,150,170,190,200,220,230,250,260,260,260,270,280,280,280,
Belgium,BEL,"GNI per capita, Atlas method (current US$)",NY.GNP.PCAP.CD,,,1450,1530,1670,1800,1950,2100,2270,2510,2790,3080,3640,4690,6000,6910,7580,8220,9560,11730,13980,13190,11180,9430,8860,8820,10170,13090,17010,18030,19310,20580,23170,23410,25090,27070,28550,28450,26530,25980,25860,24430,24000,27030,32810,37730,39900,42700,46470,46840,46950,46400,47100,47880,47800,45540,43440,42750,45940,47350,
Benin,BEN,"GNI per capita, Atlas method (current US$)",NY.GNP.PCAP.CD,,,90,100,110,110,110,120,120,120,120,120,130,160,190,200,210,230,250,310,390,410,360,290,270,260,270,310,360,340,370,380,370,380,330,360,350,380,370,410,480,530,530,600,730,820,860,920,1030,1080,1080,1090,1120,1220,1270,1180,1110,1090,1200,1250,
Burkina Faso,BFA,"GNI per capita, Atlas method (current US$)",NY.GNP.PCAP.CD,,,80,80,80,80,80,90,90,90,90,90,90,110,140,160,170,170,200,250,300,300,280,240,210,210,240,270,330,330,330,360,320,280,230,230,250,250,250,,,,,,,,,,,,,,,,,700,660,680,760,790,
Bangladesh,BGD,"GNI per capita, Atlas method (current US$)",NY.GNP.PCAP.CD,,,,,,,,,,,,,,120,160,210,200,170,170,190,230,260,250,230,220,230,250,280,290,300,320,320,330,320,320,340,370,400,420,420,440,440,440,460,510,550,570,610,660,730,800,890,970,1040,1110,1220,1370,1520,1750,1940,
Bulgaria,BGR,"GNI per capita, Atlas method (current US$)",NY.GNP.PCAP.CD,,,,,,,,,,,,,,,,,,,,,,,2360,2090,2010,1950,2190,2720,3110,2830,2250,1620,1430,1250,1240,1520,1590,1460,1440,1480,1660,1770,1970,2370,3060,3800,4300,4810,6070,6670,6940,7220,7430,7590,7740,7450,7430,7640,8910,9410,
Bahrain,BHR,"GNI per capita, Atlas method (current US$)",NY.GNP.PCAP.CD,,,,,,,,,,,,,,,,,,,,,,,8520,9150,9310,7900,7230,7700,7800,7660,9070,9800,9890,10030,9680,10380,10790,10310,10070,9870,10940,11500,12060,12940,14570,16550,17890,19660,20860,18830,18970,18160,22010,23790,24070,22660,21610,21180,21900,22110,
"Bahamas, The",BHS,"GNI per capita, Atlas method (current US$)",NY.GNP.PCAP.CD,,,1550,1650,1760,1900,2040,2230,2450,2760,2920,3110,3190,3740,3840,4640,3120,3360,3720,5200,6050,5790,6360,6640,7700,8510,9400,10800,11710,12440,11870,11330,11550,11310,11600,14260,15930,14650,17630,24190,25940,26560,27190,27760,29270,30570,30760,31090,30960,29010,28370,28030,29020,28380,27720,28300,28910,29930,30520,31780,
Bosnia and Herzegovina,BIH,"GNI per capita, Atlas method (current US$)",NY.GNP.PCAP.CD,,,,,,,,,,,,,,,,,,,,,,,,,,,,,,,,,,,,,760,1010,1330,1400,1490,1600,1770,2040,2590,3180,3510,3920,4730,4970,4950,5010,4990,5270,5300,5210,5130,5110,5740,6150,
Belarus,BLR,"GNI per capita, Atlas method (current US$)",NY.GNP.PCAP.CD,,,,,,,,,,,,,,,,,,,,,,,,,,,,,,,,,1790,1600,1450,1360,1450,1530,1550,1400,1380,1300,1380,1630,2170,2810,3520,4310,5500,5700,6150,6260,6610,7010,7590,6710,5620,5300,5700,6280,
Belize,BLZ,"GNI per capita, Atlas method (current US$)",NY.GNP.PCAP.CD,,,330,340,350,370,390,420,420,420,420,450,520,600,730,840,800,850,930,1120,1420,1430,1290,1150,1160,1200,1350,1610,1870,2080,2260,2420,2680,2790,2770,2860,2880,2890,2780,2880,3150,3130,3200,3420,3560,3620,3740,3670,3880,4050,3880,4050,4100,4180,4230,4400,4340,4310,4450,4450,
Bermuda,BMU,"GNI per capita, Atlas method (current US$)",NY.GNP.PCAP.CD,,,2170,2160,2360,2460,2830,3210,3240,3340,3570,4010,4550,5430,6490,7570,8290,8960,9680,10700,12790,14120,13710,14820,16510,17870,21170,24040,26620,26500,27060,27400,29000,30890,31730,34290,,,,,,,,,,,,117640,120490,111580,110440,107530,106080,106140,,,,,,,
Bolivia,BOL,"GNI per capita, Atlas method (current US$)",NY.GNP.PCAP.CD,,,,,,,,,,,,,,,,,550,580,650,760,820,900,860,840,850,840,740,720,710,720,720,740,770,790,810,850,900,950,990,980,980,950,920,910,950,1020,1110,1220,1480,1620,1780,1990,2250,2590,2830,2960,3040,3090,3370,3530,
Brazil,BRA,"GNI per capita, Atlas method (current US$)",NY.GNP.PCAP.CD,,,,,,,280,310,370,410,450,510,590,760,980,1180,1360,1490,1680,1970,2200,2090,2010,1730,1630,1580,1800,2050,2260,2760,2730,3280,3170,3090,3030,3760,4460,5020,4840,4120,3930,3350,3090,2980,3340,4000,4850,6190,7620,8320,9650,11080,12310,12790,12120,10190,8920,8700,9080,9130,
Barbados,BRB,"GNI per capita, Atlas method (current US$)",NY.GNP.PCAP.CD,,,,,,,,,,,,,,,,,,,,,,,,,,,5910,6690,7430,7860,7600,7570,7460,7690,8010,8340,8700,9050,9420,9820,10780,10630,10650,11300,12290,13240,14220,15530,16180,15730,15540,15050,15720,15660,15630,15740,15920,16070,16700,17380,
Brunei Darussalam,BRN,"GNI per capita, Atlas method (current US$)",NY.GNP.PCAP.CD,,,,,,,,,,,,,,,,,,,,,,,,,,,,,,12090,12460,13580,15160,15030,15090,15680,16210,16220,14420,14040,14680,16070,17140,17810,19990,23090,27580,30930,34150,32460,33300,35520,42370,45320,43090,38850,33170,29800,29390,32230,
Bhutan,BTN,"GNI per capita, Atlas method (current US$)",NY.GNP.PCAP.CD,,,,,,,,,,,,,,,,,,,,,,,290,270,300,300,350,490,550,570,580,500,470,440,470,490,530,580,550,580,730,770,810,910,1030,1200,1330,1640,1770,1860,2040,2240,2390,2410,2460,2520,2650,2800,2970,,
Botswana,BWA,"GNI per capita, Atlas method (current US$)",NY.GNP.PCAP.CD,,,80,80,90,90,100,100,120,140,160,200,260,350,440,520,540,580,690,890,1110,1340,1290,1170,1090,1070,1150,1340,1980,2320,2720,3070,3270,3330,2960,3260,3180,3330,3210,3150,3170,3260,2930,3370,3920,4940,5440,5730,5740,5330,5610,6610,7260,7580,7530,6840,6570,6730,7410,7660,
Central African Republic,CAF,"GNI per capita, Atlas method (current US$)",NY.GNP.PCAP.CD,,,80,80,80,90,90,100,100,110,110,110,120,140,170,190,210,240,280,310,360,350,340,270,270,290,340,420,490,490,480,480,470,450,370,350,300,300,280,280,260,260,250,260,300,340,350,380,420,480,510,530,570,380,390,400,410,440,490,520,
Canada,CAN,"GNI per capita, Atlas method (current US$)",NY.GNP.PCAP.CD,,,,,,,,,,,4020,4360,5010,6050,7180,8010,8770,9120,9750,10600,11600,12380,11900,12190,13150,13940,14570,16330,18620,19860,20640,20980,21410,21270,20890,20850,20810,21330,20760,21210,22620,23030,23620,25860,29900,34800,38500,43080,45640,43230,44480,47180,51000,52770,52180,47570,43870,42990,45000,46370,
Central Europe and the Baltics,CEB,"GNI per capita, Atlas method (current US$)",NY.GNP.PCAP.CD,,,,,,,,,,,,,,,,,,,,,,,,,,,,,,,,,2230.138002,2431.298885,2705.849847,3158.470421,3612.276525,3820.653254,3860.550901,3906.834271,4083.40999,4163.24737,4418.279232,5178.477106,6374.660527,7732.287292,8864.69479,10338.39938,12380.91616,12751.54093,12788.7669,12944.01372,13110.46621,13454.16159,13593.79945,13258.38279,12832.18559,13030.99113,14614.50397,15796.77191,
Switzerland,CHE,"GNI per capita, Atlas method (current US$)",NY.GNP.PCAP.CD,,,,,,,,,,,,,5370,7040,9040,10250,10910,12040,14010,17500,21720,21340,19120,17740,17980,18080,20360,25650,33650,35250,36930,37550,40920,40820,41900,45450,48360,48030,44940,43100,43520,40930,39700,45620,53800,61620,63990,62830,63190,70370,77570,79720,84880,88740,86560,85800,82110,81120,84430,85500,
Channel Islands,CHI,"GNI per capita, Atlas method (current US$)",NY.GNP.PCAP.CD,,,,,,,,,,,,,,,,,,,,,,,,,,,,,,,,,,,,,,,,,42510,41460,40720,43340,50340,56270,60750,66230,,,,,,,,,,,,,
Chile,CHL,"GNI per capita, Atlas method (current US$)",NY.GNP.PCAP.CD,,,580,630,670,670,750,760,780,830,880,1060,1150,1360,1650,1150,1010,1060,1360,1790,2300,2780,2280,1820,1590,1430,1470,1660,1930,2200,2350,2600,3120,3440,3730,4420,5070,5590,5490,5120,5060,4800,4540,4510,5190,6210,7340,8690,10050,9950,10750,12340,14350,15160,14940,14130,13370,13270,14620,15010,
China,CHN,"GNI per capita, Atlas method (current US$)",NY.GNP.PCAP.CD,,,70,80,90,100,110,100,90,110,120,130,130,160,180,200,190,190,200,210,220,220,220,220,250,290,310,320,330,320,330,350,390,420,470,540,650,750,800,860,940,1010,1110,1280,1510,1760,2060,2510,3100,3680,4340,5050,5930,6770,7510,7940,8270,8740,9620,10410,
Cote d'Ivoire,CIV,"GNI per capita, Atlas method (current US$)",NY.GNP.PCAP.CD,,,160,180,220,210,230,240,270,280,300,300,320,380,480,600,680,780,950,1130,1160,1130,960,720,660,640,730,810,910,830,780,760,780,750,680,700,720,760,760,730,640,590,560,620,770,930,930,960,1070,1160,1190,1120,1230,1330,1450,1660,1840,2030,2180,2290,
Cameroon,CMR,"GNI per capita, Atlas method (current US$)",NY.GNP.PCAP.CD,,,,,,,,110,130,160,170,170,190,210,280,350,340,340,520,630,630,840,850,780,780,800,930,1040,1130,1070,940,890,890,930,890,840,740,720,710,710,670,640,630,730,910,1010,1060,1110,1240,1320,1330,1350,1370,1430,1490,1440,1380,1340,1440,1500,
"Congo, Dem. Rep.",COD,"GNI per capita, Atlas method (current US$)",NY.GNP.PCAP.CD,,,,,,,,,,,,,,,,,,,,,,,,,,,,,,,,,,,160,150,130,120,120,110,130,140,190,170,190,200,230,260,290,300,320,340,380,410,440,460,470,460,500,520,
"Congo, Rep.",COG,"GNI per capita, Atlas method (current US$)",NY.GNP.PCAP.CD,,,150,150,160,170,180,190,200,220,220,230,270,340,420,500,480,450,490,610,830,1090,1220,1080,1060,990,980,1050,930,940,930,960,1060,800,680,430,470,590,580,490,560,630,670,690,770,950,1180,1350,1790,1880,2120,2120,2390,2490,2590,2420,1820,1510,1680,1750,
Colombia,COL,"GNI per capita, Atlas method (current US$)",NY.GNP.PCAP.CD,,,280,280,310,310,320,300,300,320,330,360,390,460,550,590,620,690,850,1060,1250,1350,1330,1280,1280,1210,1220,1240,1300,1250,1330,1380,1560,1740,2050,2350,2540,2660,2570,2330,2340,2330,2370,2370,2620,3000,3500,4130,4710,5130,5620,6310,7290,7950,8190,7330,6460,5930,6260,6510,
Comoros,COM,"GNI per capita, Atlas method (current US$)",NY.GNP.PCAP.CD,,,,,,,,,,,,,,,,,,,,,,,660,590,550,550,620,780,960,930,980,950,1100,1080,870,850,780,790,730,700,730,700,680,780,940,1090,1130,1160,1290,1370,1380,1400,1420,1490,1490,1380,1320,1280,1380,1420,
Cabo Verde,CPV,"GNI per capita, Atlas method (current US$)",NY.GNP.PCAP.CD,,,,,,,,,,,,,,,,,,,,,,,510,470,450,450,510,650,840,900,900,910,1040,1190,1300,1410,1350,1350,1330,1370,1410,1350,1300,1520,1900,2160,2300,2820,3300,3480,3400,3510,3440,3490,3360,3210,3130,3080,3400,3630,
Costa Rica,CRI,"GNI per capita, Atlas method (current US$)",NY.GNP.PCAP.CD,,,360,350,350,370,390,410,440,470,520,570,630,760,880,970,1050,1250,1480,1740,1950,1420,1020,940,1110,1240,1440,1600,1650,1660,1750,1950,2340,2720,2960,3170,3220,3330,3380,3440,3550,3660,3750,4010,4360,4620,5030,5640,6370,6490,7180,8000,9150,9740,10090,10400,10770,11150,11590,11700,
Caribbean small states,CSS,"GNI per capita, Atlas method (current US$)",NY.GNP.PCAP.CD,,,,,,,,,671.6910701,702.9569343,754.9343559,798.2055068,947.5741104,1050.792978,1240.548625,1570.202436,1596.118501,1719.477643,1887.031507,2064.521207,2384.31436,2651.689478,2820.768752,2679.354313,2633.167978,2592.966344,2515.319374,2578.237459,2792.418924,2831.51983,2825.627371,2819.624035,2917.408169,2962.640813,3000.408341,3361.982225,3660.75514,3803.937208,4059.743485,4535.712876,4850.647113,4986.487673,5191.933008,5658.579662,6288.975265,6844.199885,7576.807314,8249.478956,9047.911358,8680.200358,8779.673365,8633.258491,9326.26229,9743.191866,9689.560971,9717.857924,9144.178686,9073.303958,9333.846496,9804.795533,
Cuba,CUB,"GNI per capita, Atlas method (current US$)",NY.GNP.PCAP.CD,,,,,,,,,,,,,850,1040,1240,1500,1550,1600,1790,1990,2140,2430,2340,2180,2310,2310,2390,2490,2780,2750,2650,2340,2130,1870,2140,2550,2710,2500,2240,2400,2620,2760,2820,3100,3490,3960,4530,5000,5460,5520,5610,5930,6280,6640,6840,7230,7480,,,,
Curacao,CUW,"GNI per capita, Atlas method (current US$)",NY.GNP.PCAP.CD,,,,,,,,,,,,,,,,,,,,,,,,,,,,,,,,,,,,,,,,,,,,,,,,,,,,,,19930,19820,19620,19100,19100,19610,,
Cayman Islands,CYM,"GNI per capita, Atlas method (current US$)",NY.GNP.PCAP.CD,,,,,,,,,,,,,,,,,,,,,,,,,,,,,,,,,,,,,,,,,,,,,,,,,,,70220,71040,49570,44030,42930,44370,45730,47140,,,
Cyprus,CYP,"GNI per capita, Atlas method (current US$)",NY.GNP.PCAP.CD,,,,,,,,,,,,,,,,,,1520,1800,2400,3390,4050,4490,4220,4360,4480,5020,6300,7910,8570,9300,9460,11020,10970,11680,12810,13880,14280,15490,14340,14180,14170,14510,16710,20260,23990,25600,27340,31970,32780,32040,32550,29680,27830,26510,25960,24700,24580,26620,27710,
Czech Republic,CZE,"GNI per capita, Atlas method (current US$)",NY.GNP.PCAP.CD,,,,,,,,,,,,,,,,,,,,,,,,,,,,,,,,,3340,3480,4140,5110,5950,6130,6080,6090,6330,6330,6630,8080,10230,12420,13950,15780,18340,18690,19280,19420,19350,19270,18800,18260,17590,17970,20230,22000,
Germany,DEU,"GNI per capita, Atlas method (current US$)",NY.GNP.PCAP.CD,,,,,,,,,,,,,3600,4670,5800,6720,7130,7670,8870,11050,13010,12540,11120,10020,9880,9840,11240,14240,18620,19760,21300,22890,25810,25990,27530,29520,30870,30140,27950,26840,26150,24740,23620,26070,31570,35710,38230,40440,43570,43520,44550,47220,46530,47190,47620,45850,44290,43680,47150,48520,
Djibouti,DJI,"GNI per capita, Atlas method (current US$)",NY.GNP.PCAP.CD,,,,,,,,,,,,,,,,,,,,,,,,,,,,,,,,,,,,,,,,,,,,,,,,,,,,,,,,2730,2870,2990,3260,3540,
Dominica,DMA,"GNI per capita, Atlas method (current US$)",NY.GNP.PCAP.CD,,,,,,,,,,,,,,,,,,,,710,960,1160,1210,1220,1330,1480,1790,2170,2560,2600,2810,2960,3200,3410,3490,3720,3890,4010,4200,4200,4220,4470,4270,4680,4950,5050,5490,5760,6340,6520,6730,6920,6730,6780,7020,6870,7340,7060,7710,8090,
Denmark,DNK,"GNI per capita, Atlas method (current US$)",NY.GNP.PCAP.CD,,,,,,,,,2870,3140,3310,3670,4310,5580,6800,8080,8960,9780,11170,13560,15090,14180,12860,11710,11520,11840,14070,17760,22130,23050,24370,25540,28700,28570,30360,32560,34770,35150,33460,33060,32580,31410,30850,34750,42640,49610,53540,55740,60390,60090,61220,61990,61650,63200,63670,60510,58040,56210,60920,63240,
Dominican Republic,DOM,"GNI per capita, Atlas method (current US$)",NY.GNP.PCAP.CD,,,220,240,260,230,250,250,250,280,340,370,430,520,610,710,780,830,900,1030,1140,1210,1240,1240,1300,1100,1030,940,920,910,870,1040,1340,1610,1740,1960,2170,2360,2450,2540,2680,2740,2900,2660,2590,3080,3680,4450,4770,4920,5330,5540,5790,6030,6330,6580,6860,7090,7760,8090,
Algeria,DZA,"GNI per capita, Atlas method (current US$)",NY.GNP.PCAP.CD,,,,,240,250,230,250,280,310,330,320,440,530,710,910,1060,1100,1320,1640,1990,2200,2260,2190,2270,2400,2590,2810,2750,2550,2370,1980,1900,1730,1620,1550,1520,1510,1540,1530,1590,1670,1730,1930,2250,2710,3100,3600,4220,4290,4480,4600,5170,5510,5490,4850,4370,3920,3960,3970,
East Asia & Pacific (excluding high income),EAP,"GNI per capita, Atlas method (current US$)",NY.GNP.PCAP.CD,,,71.30626607,77.56945119,86.23378996,97.70605511,105.713816,99.708056,96.53695031,108.1700016,121.1602428,124.5718385,131.5529609,158.8388754,185.9157167,216.3103654,211.5415672,224.9838331,238.676869,263.53425,291.2706355,308.2290665,307.6891702,303.7590369,321.8769749,344.3995467,365.7792248,382.1088602,401.6493832,403.3720784,418.7906754,448.9849408,498.5302357,541.4472302,607.8927173,699.2489332,813.8624126,882.2004471,828.3275915,852.515011,911.0056554,982.9412809,1064.770718,1209.98859,1423.308315,1636.85739,1894.195723,2273.200631,2770.028155,3214.255153,3758.697283,4341.513636,5074.563161,5707.587987,6210.244888,6472.122059,6681.212964,7018.263362,7699.322062,8299.220342,
Early-demographic dividend,EAR,"GNI per capita, Atlas method (current US$)",NY.GNP.PCAP.CD,,,,,,,,198.5250665,204.0892941,217.8244147,229.6959296,242.0807953,258.2878552,305.6035108,387.4593758,462.4551131,497.0918476,508.9392614,548.9306054,640.1202382,756.7274492,855.0266519,835.8876386,777.2809044,749.6835637,749.8707871,774.0362457,810.4565562,839.0102749,808.2591819,844.3777923,886.1999594,980.6379646,1034.635339,1087.91269,1112.266926,1164.545001,1202.119977,1172.025956,1184.475586,1247.157118,1264.972388,1234.320581,1311.407527,1486.766079,1699.604963,1906.239287,2155.146796,2413.967264,2498.78845,2725.331684,2969.264678,3274.578602,3410.844211,3448.065092,3367.867051,3325.650137,3373.413291,3551.088294,3645.528643,
East Asia & Pacific,EAS,"GNI per capita, Atlas method (current US$)",NY.GNP.PCAP.CD,,,142.7202948,156.1325278,174.7291127,193.5022487,212.7631014,223.7745887,242.9502939,276.4564688,304.6193565,333.9008644,393.626299,500.7074336,607.1103145,706.7605542,731.6899653,790.5694274,933.2395981,1133.037872,1286.451592,1337.198148,1289.238161,1255.46047,1295.225634,1381.050708,1586.753638,1937.882393,2475.388184,2653.738261,2756.274966,2866.0293,3067.741904,3317.288216,3639.947307,4102.039121,4310.447045,4182.829871,3664.223788,3627.396172,3836.334422,3922.179445,3878.210924,4060.42146,4567.902872,5000.620319,5289.549839,5662.846366,6173.566194,6523.22606,7338.987105,8139.548536,9108.016488,9709.874212,9941.886472,9830.284109,9903.208991,10245.37834,11103.96075,11725.70147,
Europe & Central Asia (excluding high income),ECA,"GNI per capita, Atlas method (current US$)",NY.GNP.PCAP.CD,,,,,,,,,,,,,,,,,,,,,,,,,,,,,,,,2373.855121,2241.345377,2155.864686,1918.282195,1942.236069,1944.961692,2020.819308,1856.669425,1712.47718,1795.209221,1705.444752,1862.07352,2201.854121,2895.37459,3729.123919,4621.948101,5728.602334,6965.135503,6849.147699,7390.753301,8054.07708,9296.812096,10271.1532,10173.78079,8791.443292,7626.615225,7290.724918,7675.268211,8014.251352,
Europe & Central Asia,ECS,"GNI per capita, Atlas method (current US$)",NY.GNP.PCAP.CD,,,,,,,,,,,,,1732.626581,2196.586946,2680.460441,3086.523201,3262.233703,3481.693173,3938.061704,4869.764643,5836.068724,5861.704525,5365.590024,4801.67681,4631.338733,4616.313228,5277.690198,6668.522502,8550.796839,9133.49975,9809.024033,10418.62682,11490.00782,11312.97918,11503.10961,11991.09948,12715.19093,12960.66789,12579.27494,12454.88979,12531.18862,12130.9548,12057.79279,13632.68895,16578.2975,19223.5425,20834.8037,22556.57607,24557.10084,24315.65403,24508.4783,24985.68031,25300.13746,25993.2267,26017.46144,24655.76152,23342.33856,22844.73408,24366.3759,25163.21362,
Ecuador,ECU,"GNI per capita, Atlas method (current US$)",NY.GNP.PCAP.CD,,,380,350,380,430,450,460,470,500,520,510,510,600,830,1090,1280,1360,1550,1820,2110,2460,2390,2110,1890,1820,1770,1640,1510,1360,1370,1480,1600,1670,1820,1970,2080,2180,2160,1780,1550,1550,1730,2110,2550,2880,3100,3310,3860,4060,4390,4870,5390,5810,6110,5970,5810,5860,6090,6080,
"Egypt, Arab Rep.",EGY,"GNI per capita, Atlas method (current US$)",NY.GNP.PCAP.CD,,,,,,,,170,180,190,220,240,260,290,300,330,350,370,390,420,490,520,550,560,640,680,740,870,840,780,760,750,750,760,820,920,1020,1130,1210,1310,1420,1430,1360,1290,1230,1230,1320,1530,1840,2120,2370,2590,2830,3040,3230,3360,3460,3040,2800,2690,
Euro area,EMU,"GNI per capita, Atlas method (current US$)",NY.GNP.PCAP.CD,,,1087.34651,1191.99373,1313.090165,1449.417715,1589.099794,1725.221117,1879.390385,2071.579962,2269.920142,2492.654149,2890.387129,3709.668787,4597.836653,5307.727809,5631.344024,6047.063599,6870.503095,8521.530365,10225.09826,10124.54209,9172.009238,8176.570382,7948.509464,7957.430674,9181.590854,11729.93138,15242.85969,16345.16983,17622.95168,18863.18242,21172.92193,20852.13993,21392.04591,22520.38142,23788.22269,23768.67917,22739.78354,22329.87637,22110.99183,21202.53601,20675.8838,23288.61463,28284.89185,32404.52122,34555.32299,36718.20355,39535.967,39639.49719,39771.51974,40308.23108,39277.1661,39470.94218,39357.03342,37739.79654,36352.64963,35866.79805,38763.07631,39997.29948,
Eritrea,ERI,"GNI per capita, Atlas method (current US$)",NY.GNP.PCAP.CD,,,,,,,,,,,,,,,,,,,,,,,,,,,,,,,,,,,270,270,300,320,330,310,300,310,300,300,340,390,410,420,410,480,510,600,,,,,,,,,
Spain,ESP,"GNI per capita, Atlas method (current US$)",NY.GNP.PCAP.CD,,,500,570,640,730,840,930,1010,1110,1170,1310,1590,2090,2730,3240,3430,3640,4040,5010,6210,6310,5680,4860,4580,4550,5400,7110,9410,10700,12210,13700,15610,15010,14470,14830,15560,15820,15440,15480,15770,15520,15590,18030,22070,25870,27820,29740,32190,32460,31880,30950,29520,29210,29130,28430,27530,27060,29320,30390,
Estonia,EST,"GNI per capita, Atlas method (current US$)",NY.GNP.PCAP.CD,,,,,,,,,,,,,,,,,,,,,,,,,,,,,,,,,,,,,,,,,4160,4310,4620,5730,7500,9730,11500,13420,15200,14620,14700,16000,16900,18250,18990,18680,18280,18750,21350,23220,
Ethiopia,ETH,"GNI per capita, Atlas method (current US$)",NY.GNP.PCAP.CD,,,,,,,,,,,,,,,,,,,,,,,,210,200,190,230,280,270,260,260,250,220,210,160,150,150,140,130,120,130,130,120,110,140,160,180,220,280,340,380,390,410,470,550,600,670,740,800,850,
European Union,EUU,"GNI per capita, Atlas method (current US$)",NY.GNP.PCAP.CD,,,,,,,,,,,,,2406.841068,3083.667423,3814.549391,4408.234599,4676.043855,5014.048518,5686.200658,7031.664718,8409.315274,8321.160262,7530.49015,6700.636769,6507.312837,6514.339671,7522.592731,9599.528164,12433.4502,13326.82287,14354.813,15354.10164,17227.40724,16967.08588,17444.48951,18424.7104,19550.50337,19612.77006,18838.13097,18549.07494,18454.57333,17770.03769,17441.99583,19710.95362,23981.16621,27596.40158,29597.15616,31660.85079,34388.19495,34516.5877,34713.61032,35202.61159,34515.96228,34825.39766,34796.20689,33418.26713,32188.67725,31828.37441,34489.00399,35721.33146,
Fragile and conflict affected situations,FCS,"GNI per capita, Atlas method (current US$)",NY.GNP.PCAP.CD,,,,,,,,,,136.7628568,157.9678685,167.085334,184.7008406,211.8516586,287.9520509,353.2890167,410.1915677,433.0288189,455.7424007,519.5634869,598.4881093,663.4399536,702.4324104,694.8782686,621.0973111,596.4072414,582.9162949,589.4966408,598.1446756,525.4482112,640.0586134,629.2816353,632.8670738,568.9651158,532.8373811,550.1977939,577.6848815,621.3536789,617.7917416,629.1886467,668.1479037,722.6648912,722.6677841,722.2518077,842.8304153,990.3355646,1185.494249,1413.958435,1722.166632,1860.395951,2022.74347,2007.103088,2296.604902,2396.853674,2499.196812,2364.928583,2160.178595,1963.519773,1951.765038,2028.414249,
Finland,FIN,"GNI per capita, Atlas method (current US$)",NY.GNP.PCAP.CD,,,1370,1470,1620,1810,1970,2060,2090,2270,2460,2690,3170,4030,5130,6320,6840,7190,7910,9540,11450,11980,11700,10840,10790,11130,13010,16480,21540,24110,26000,25100,24170,20680,20170,22030,24970,26680,25820,26040,26450,25810,25550,28720,35270,40170,42800,46160,50070,48800,49600,50150,48940,49480,49390,47150,45490,44740,48300,49580,
Fiji,FJI,"GNI per capita, Atlas method (current US$)",NY.GNP.PCAP.CD,,,280,290,300,290,300,340,350,350,400,440,530,720,930,1120,1220,1300,1360,1660,1870,2040,1800,1580,1660,1580,1790,1770,1790,1790,1790,1790,1990,2090,2230,2460,2660,2580,2300,2360,2240,2140,2170,2420,3040,3590,3620,3820,4010,3860,3650,3780,4140,4710,5020,5200,5360,5480,5860,5860,
France,FRA,"GNI per capita, Atlas method (current US$)",NY.GNP.PCAP.CD,,,1550,1700,1870,2030,2200,2360,2560,2820,3020,3250,3670,4690,5790,6720,7140,7810,8830,10820,13080,13190,12040,10450,9820,9770,11330,14460,18520,19490,20640,21420,23840,23580,24380,25740,27110,26930,25830,25420,24970,23840,23090,25930,31360,35870,37850,40130,43460,43930,43850,44350,43380,43780,43320,41100,39070,38340,41080,42400,
Faroe Islands,FRO,"GNI per capita, Atlas method (current US$)",NY.GNP.PCAP.CD,,,,,,,,,,,,,,,,,,,,,,,,,,,,,,,,,,,,,,,,,,,,,,,,,,,,,,,,,,,,,
"Micronesia, Fed. Sts.",FSM,"GNI per capita, Atlas method (current US$)",NY.GNP.PCAP.CD,,,,,,,,,,,,,,,,,,,,,,,,,,,,,,,,,,2120,2130,2200,2140,1930,1950,2050,2210,2260,2270,2380,2440,2560,2560,2570,2590,2820,2900,3070,3150,3180,3150,3490,3410,3450,3400,,
Gabon,GAB,"GNI per capita, Atlas method (current US$)",NY.GNP.PCAP.CD,,,330,410,340,360,420,440,460,530,570,610,690,910,1700,2870,4450,4010,3090,3520,4590,5290,4840,4260,4310,3860,3840,3430,4150,4580,4820,5170,5120,4430,4130,3910,4100,4270,3940,3280,3090,3420,3600,3870,4300,5510,5740,6580,7310,7570,7830,8110,9090,9330,9330,7970,7080,6510,6830,7210,
United Kingdom,GBR,"GNI per capita, Atlas method (current US$)",NY.GNP.PCAP.CD,,,,,,,,,,,2490,2770,3200,3900,4360,4870,5010,5220,5930,7560,9530,10640,10640,9840,9250,9140,10230,12680,16130,17350,18530,19350,21440,21320,21850,21080,22800,25290,26840,28150,29220,29020,29260,32300,37860,42890,45230,47650,48580,44220,41650,41070,41700,42740,44330,44290,42980,41370,41730,42370,
Georgia,GEO,"GNI per capita, Atlas method (current US$)",NY.GNP.PCAP.CD,,,,,,,,,,,,,,,,,,,,,,,,,,,,,,,,,750,540,510,550,670,820,870,840,790,780,840,990,1210,1520,1910,2380,2820,2950,3210,3520,4150,4530,4740,4410,4080,4040,4460,4740,
Ghana,GHA,"GNI per capita, Atlas method (current US$)",NY.GNP.PCAP.CD,,,190,200,210,230,250,240,220,220,250,270,260,280,320,300,290,300,350,380,420,410,360,320,340,350,390,420,440,400,400,410,430,420,370,370,380,390,390,390,340,300,270,320,380,460,590,790,1140,1190,1230,1380,1530,1850,1900,1940,1820,1890,2130,2220,
Gibraltar,GIB,"GNI per capita, Atlas method (current US$)",NY.GNP.PCAP.CD,,,,,,,,,,,,,,,,,,,,,,,,,,,,,,,,,,,,,,,,,,,,,,,,,,,,,,,,,,,,,
Guinea,GIN,"GNI per capita, Atlas method (current US$)",NY.GNP.PCAP.CD,,,,,,,,,,,,,,,,,,,,,,,,,,,,,400,390,410,420,460,490,500,500,510,510,470,450,400,360,350,340,370,360,400,470,620,670,690,680,700,700,740,760,780,830,850,950,
"Gambia, The",GMB,"GNI per capita, Atlas method (current US$)",NY.GNP.PCAP.CD,,,,,,,,,110,110,110,110,120,150,180,230,230,240,260,310,380,390,340,300,290,300,300,320,300,300,310,400,520,710,690,690,700,690,660,640,620,560,440,390,470,520,640,700,810,880,890,760,760,730,650,620,620,650,710,740,
Guinea-Bissau,GNB,"GNI per capita, Atlas method (current US$)",NY.GNP.PCAP.CD,,,,,,,,,,,,,120,130,150,170,150,140,160,180,150,190,200,190,190,200,160,170,180,210,220,240,240,230,220,220,240,240,160,160,210,250,300,330,380,430,440,470,510,560,580,640,630,640,640,640,650,680,750,820,
Equatorial Guinea,GNQ,"GNI per capita, Atlas method (current US$)",NY.GNP.PCAP.CD,,,,,,,,,,,,,,,,,,,,,,,130,130,130,150,170,210,250,230,260,270,380,370,270,250,360,870,700,820,770,900,1270,1190,1720,3890,8110,11600,14250,12530,9970,11540,13870,14030,13230,10850,8270,6510,6650,6460,
Greece,GRC,"GNI per capita, Atlas method (current US$)",NY.GNP.PCAP.CD,,,620,700,790,900,1000,1090,1200,1370,1540,1720,2000,2490,2850,3480,3750,3940,4600,5650,6500,6370,5910,5280,5140,5010,5360,6130,7590,8310,8970,9850,11200,11140,11610,12410,13430,14100,13810,13380,13330,13070,13150,15700,19580,22760,24550,26350,28660,29330,27660,24930,23500,22540,22180,20320,18890,18360,19620,20320,
Grenada,GRD,"GNI per capita, Atlas method (current US$)",NY.GNP.PCAP.CD,,,,,,,,,,,,,,,,,,,,1150,1300,1310,1300,1280,1340,1500,1790,2200,2490,2670,2840,3040,3140,3120,3210,3310,3500,3660,3990,4310,4610,4510,4650,5290,5350,6650,6430,6830,7260,6720,6940,7060,7030,7350,7520,7780,8350,8890,9580,9980,
Greenland,GRL,"GNI per capita, Atlas method (current US$)",NY.GNP.PCAP.CD,,,,,,,,,,,,,1890,2440,3130,3800,4330,5140,6160,7550,9270,9100,8020,7270,6740,7060,8540,11470,15170,16970,15690,16510,17440,16600,17830,19470,20780,20540,20440,19740,20290,19390,18760,20440,25730,30920,30240,34800,,,,,,,,,,,,,
Guatemala,GTM,"GNI per capita, Atlas method (current US$)",NY.GNP.PCAP.CD,,,260,280,280,290,290,290,310,330,350,360,390,450,540,610,690,800,920,1080,1210,1240,1170,1110,1130,1160,1070,1020,980,980,930,970,1030,1140,1230,1360,1440,1530,1610,1650,1670,1610,1620,1700,1880,2030,2190,2410,2640,2680,2780,2940,3200,3410,3570,3700,3870,4090,4390,4610,
Guam,GUM,"GNI per capita, Atlas method (current US$)",NY.GNP.PCAP.CD,,,,,,,,,,,,,,,,,,,,,,,,,,,,,,,,,,,,,,,,,,,,,,,,,,,,,,,,,,,,,
Guyana,GUY,"GNI per capita, Atlas method (current US$)",NY.GNP.PCAP.CD,,,280,250,280,310,320,340,330,350,360,380,390,430,540,680,660,610,620,670,760,740,590,510,470,500,520,460,470,360,400,330,390,460,570,670,830,890,880,860,890,880,890,940,1030,1090,1420,1860,2450,2720,2900,3220,3610,3880,4110,4130,4210,4340,4770,5180,
High income,HIC,"GNI per capita, Atlas method (current US$)",NY.GNP.PCAP.CD,,,1504.362679,1595.058614,1714.908594,1858.60513,2024.763852,2152.242168,2358.3195,2563.50245,2716.882531,2969.356631,3405.919801,4169.56821,4877.967808,5453.006292,5790.952986,6207.000768,7075.910683,8473.038451,9785.412975,10181.43308,9688.090014,9301.333304,9653.107002,10096.72577,11362.19026,13607.16482,16554.90543,17447.25477,18250.86103,18985.46789,20634.66142,21110.98999,22167.86097,23613.59713,24752.1448,24899.428,23980.44679,24266.82936,25269.06826,25262.3534,25110.37795,27067.84012,30897.2411,34052.37871,35760.27324,37195.63724,38787.8023,38130.2809,39159.57902,40494.70747,41848.53329,42658.12793,42844.75122,41649.08541,40751.52816,41004.0743,43815.99743,45307.2951,
"Hong Kong SAR, China",HKG,"GNI per capita, Atlas method (current US$)",NY.GNP.PCAP.CD,,,,570,630,700,710,710,740,840,930,1060,1300,1750,2150,2450,2900,3340,3930,4700,5730,6360,6290,5890,6170,6090,7230,9080,10770,11550,12660,14320,16560,19560,21820,23570,24140,26080,25110,25800,26930,26350,25270,26340,28120,28890,30290,32070,33950,32350,33620,35690,36340,38570,40240,41180,42970,46390,50060,50840,
Honduras,HND,"GNI per capita, Atlas method (current US$)",NY.GNP.PCAP.CD,,,180,180,190,210,220,230,250,250,260,270,280,320,360,380,410,460,610,830,1090,1090,1020,1000,1080,1160,1260,1410,1410,1270,1110,940,930,950,880,900,870,910,910,930,1020,1040,1060,1120,1200,1280,1350,1480,1600,1630,1720,1870,1970,2000,2000,2060,2120,2250,2320,2390,
Heavily indebted poor countries (HIPC),HPC,"GNI per capita, Atlas method (current US$)",NY.GNP.PCAP.CD,,,,,,,,,,,,,,,,,,,,,371.2475361,392.7725714,369.4048405,327.673543,313.7336733,314.2216286,351.7302474,410.0343355,433.4686288,412.3819096,383.1192195,366.1748908,355.0514076,340.1200298,308.1477927,313.3086881,320.7114653,329.6117978,325.4948604,326.4278817,326.0262883,320.286956,322.2063356,343.5117217,394.0381128,443.59019,486.6706215,552.1952844,648.266284,704.833087,744.3215002,781.1164649,828.6783599,877.7595517,919.5043533,926.5055045,905.0940342,898.4505447,928.6699841,951.8022073,
Croatia,HRV,"GNI per capita, Atlas method (current US$)",NY.GNP.PCAP.CD,,,,,,,,,,,,,,,,,,,,,,,,,,,,,,,,,,,,,,5520,5410,5170,5220,5320,5610,6670,8520,10160,11310,12700,14270,14110,14070,14000,13420,13550,13260,12970,12380,12640,14010,14910,
Haiti,HTI,"GNI per capita, Atlas method (current US$)",NY.GNP.PCAP.CD,,,,,,,,,,,,,,,,,,,,,250,250,250,240,260,280,320,340,380,370,420,450,390,310,260,310,360,390,400,450,470,450,410,380,380,410,480,550,620,680,660,710,760,810,830,820,780,760,800,790,
Hungary,HUN,"GNI per capita, Atlas method (current US$)",NY.GNP.PCAP.CD,,,,,,,,,,,,,,,,,,,,,,,,,,,,,,,,,,3660,4030,4250,4370,4400,4410,4490,4620,4790,5290,6650,8640,10360,11250,11790,13230,13380,13190,13170,12990,13480,13540,13220,13050,13080,14760,16140,
IBRD only,IBD,"GNI per capita, Atlas method (current US$)",NY.GNP.PCAP.CD,,,,,,,197.7236539,197.1102713,201.8172738,219.1030812,236.3456501,250.1162373,269.787234,325.6969759,399.6262488,465.6234173,477.5178675,497.6397369,541.3091687,624.6977048,718.1005489,772.524853,759.8539502,708.7654554,702.9666323,721.1961973,762.4880935,821.5870433,866.7404086,877.0053488,923.7292885,992.5458502,1045.755026,1086.782385,1134.591535,1225.836973,1342.420898,1429.250567,1385.249666,1360.109789,1410.914301,1420.845701,1441.442979,1569.310839,1824.893261,2131.399744,2479.341268,2947.786193,3483.996428,3748.720471,4188.354709,4665.986246,5288.610095,5721.706524,5911.877918,5763.246602,5657.250064,5780.917527,6227.075707,6584.252282,
IDA & IBRD total,IBT,"GNI per capita, Atlas method (current US$)",NY.GNP.PCAP.CD,,,,,,,181.9357307,181.7935898,186.4668662,202.4097708,219.2127167,231.7783203,249.6748409,297.9009416,366.8332327,428.0799708,442.5307373,460.9515123,500.1433338,576.6492037,663.3899184,717.8242199,712.5343832,670.9149424,655.078046,665.5368593,697.6881132,748.6651512,787.2869633,789.0945269,824.1269464,875.7114152,917.3178033,943.6496801,976.0937758,1048.808098,1144.000033,1213.983427,1176.426745,1154.886602,1194.560772,1202.419202,1219.758464,1324.081038,1535.799828,1786.471998,2070.329,2448.367357,2884.821963,3097.033252,3442.270551,3813.475404,4304.484052,4646.807591,4799.252781,4677.563999,4578.171946,4653.44979,4984.825008,5245.938559,
IDA total,IDA,"GNI per capita, Atlas method (current US$)",NY.GNP.PCAP.CD,,,,,,,,,,123.1496727,138.5678863,145.5418712,155.1899865,165.867234,211.3329484,250.7906157,277.4609629,289.1560674,309.1675901,355.7203394,414.1772573,471.8437848,503.0001633,506.7303188,447.2970953,425.5986067,420.2800156,439.0758785,452.9120458,422.5292579,412.04477,400.1485375,398.9048738,370.5938504,347.3257641,354.56029,374.902526,389.3372772,386.4540772,388.3953248,396.4700151,407.5896166,424.2388841,455.3693731,525.0434569,595.8369553,676.7641213,768.4521913,896.0224493,962.8913185,1029.157848,1088.320482,1196.400646,1294.676102,1375.505494,1381.446043,1344.538907,1317.552579,1358.628306,1394.296428,
IDA blend,IDB,"GNI per capita, Atlas method (current US$)",NY.GNP.PCAP.CD,,,104.6140293,111.613697,115.8086314,122.311436,127.3974522,126.878216,134.5514775,151.4119744,180.6748099,190.6351402,202.4805547,209.3242903,268.8225093,307.9181305,360.9573992,391.6244208,421.9064952,488.2498236,573.797889,690.8327013,799.6859956,856.475964,717.7909418,652.3227533,596.6300172,581.8528409,592.1426978,543.1441559,534.8418008,514.8280301,516.888775,462.5730471,443.05074,451.8664608,487.1082196,504.8384937,492.6187215,494.4556756,505.3280498,530.7799495,568.4629083,617.3260774,725.5743738,834.2117971,989.6610627,1134.725191,1326.852051,1394.453536,1470.378246,1548.007607,1730.341311,1889.691884,2035.560127,2020.531608,1896.295872,1777.01471,1773.936967,1778.975589,
Indonesia,IDN,"GNI per capita, Atlas method (current US$)",NY.GNP.PCAP.CD,,,,,,,,,,70,80,80,90,110,160,220,270,300,360,400,470,530,560,530,520,500,520,510,510,530,560,610,660,740,850,990,1090,1100,660,570,580,720,790,900,1080,1220,1380,1600,1940,2150,2530,3010,3580,3730,3620,3430,3400,3530,3850,4050,
IDA only,IDX,"GNI per capita, Atlas method (current US$)",NY.GNP.PCAP.CD,,,,,,,,,,,,,,,,,,,,,,,,,296.6028694,300.29365,325.1971977,364.4389032,380.5106245,360.3607561,348.1853764,340.8133039,337.6645681,324.2712572,298.4143689,304.8926544,317.2567065,329.9806816,332.1206802,334.1120683,340.7304008,344.0733306,349.3408732,371.2600872,420.7982416,471.8924789,513.6969723,577.3932847,670.8457869,738.6308642,800.149761,850.556517,918.5508252,983.7902592,1028.991782,1046.289491,1057.292922,1081.349463,1147.7331,1201.783144,
Isle of Man,IMN,"GNI per capita, Atlas method (current US$)",NY.GNP.PCAP.CD,,,,,,,,,,,,,,,,,,,,,,,,,,,,,,,,,,,,,,17050,18800,21310,21880,22480,23730,27810,34210,39590,44420,47210,64640,66890,67430,70480,81160,87860,88990,83980,75570,75340,,,
India,IND,"GNI per capita, Atlas method (current US$)",NY.GNP.PCAP.CD,,,90,100,110,110,110,110,100,110,120,120,120,140,170,190,180,190,210,220,270,290,290,280,280,290,310,350,390,390,380,350,340,320,340,370,400,410,410,440,440,450,460,520,610,710,790,910,1000,1120,1220,1360,1480,1520,1560,1600,1680,1830,2010,2130,
Not classified,INX,"GNI per capita, Atlas method (current US$)",NY.GNP.PCAP.CD,,,,,,,,,,,,,,,,,,,,,,,,,,,,,,,,,,,,,,,,,,,,,,,,,,,,,,,,,,,,,
Ireland,IRL,"GNI per capita, Atlas method (current US$)",NY.GNP.PCAP.CD,,,,,,,,,,,,,2070,2540,2990,3390,3280,3580,4120,5120,6380,6780,6390,5720,5610,5630,6370,8220,10420,11100,12560,13130,14440,14600,15480,16920,18880,20660,21440,22650,24080,24020,24830,29890,37690,44530,47910,50530,50920,46810,44880,41900,40590,43480,46320,50350,52490,53480,59640,62210,
"Iran, Islamic Rep.",IRN,"GNI per capita, Atlas method (current US$)",NY.GNP.PCAP.CD,,,,,,,,,,,,,,,,,,,1980,2310,2100,2400,3190,3300,3110,3490,3690,3570,3030,2590,2550,,,,,1310,1580,1780,1800,1720,1760,1790,1880,2200,2520,2960,3480,4270,4970,5560,6250,6870,7130,6990,6500,5370,5500,5420,,,
Iraq,IRQ,"GNI per capita, Atlas method (current US$)",NY.GNP.PCAP.CD,,,,,,,,,,,,,,,,,,,,,3930,3460,3050,2360,2540,2750,3050,3530,3720,3720,7050,,,,,,,,,,,,,,,,1900,2430,3540,4160,4580,4960,6310,7050,6830,5930,5620,4880,5060,5740,
Iceland,ISL,"GNI per capita, Atlas method (current US$)",NY.GNP.PCAP.CD,,,1540,1740,2050,2440,2980,3110,2790,2490,2610,3050,3740,4960,6690,7490,7970,9010,10860,13180,15440,16240,15100,12580,11900,11930,14250,19100,23470,24210,24810,25260,26510,26100,25660,25490,27320,28480,29280,30400,31550,30710,30930,33720,42030,50700,53610,61930,50100,41850,36250,37590,40680,46960,48230,50160,55150,60530,67890,72850,
Israel,ISR,"GNI per capita, Atlas method (current US$)",NY.GNP.PCAP.CD,,,1320,1330,1310,1440,1470,1480,1730,1910,2030,2290,2760,3170,4250,4860,4740,4610,4810,5610,6070,6720,6590,6600,6520,6500,7080,8480,10410,10920,12120,12870,14390,14760,15660,17010,18280,18870,18710,18400,19140,19220,18550,18630,19900,21410,22300,23950,26120,27260,29660,31500,32220,34310,35960,36030,36360,37420,40930,43290,
Italy,ITA,"GNI per capita, Atlas method (current US$)",NY.GNP.PCAP.CD,,,960,1060,1160,1280,1410,1550,1700,1850,2060,2250,2620,3250,3930,4320,4510,4730,5270,6740,8430,8710,8220,7630,7760,8030,9380,12160,15950,17300,18660,20370,22960,21590,20860,20670,21830,22300,22220,21990,21890,21170,20710,23350,28270,32430,34250,35900,37910,37870,37850,37900,36200,35550,34890,32980,31950,31360,33770,34460,
Jamaica,JAM,"GNI per capita, Atlas method (current US$)",NY.GNP.PCAP.CD,,,,,,,,,620,650,720,760,980,1020,1180,1370,1370,1450,1430,1300,1210,1290,1340,1330,1130,930,950,1170,1480,1690,1770,1740,1600,1830,1870,2280,2510,2750,2880,3110,3230,3230,3250,3430,3640,3780,4070,4310,4560,4320,4380,4590,4980,5010,4920,4710,4600,4740,4970,5250,
Jordan,JOR,"GNI per capita, Atlas method (current US$)",NY.GNP.PCAP.CD,,,,,,,,,,,,,,,,,,950,1200,1470,1830,1940,1910,1800,1800,1760,1930,2120,2120,1520,1270,1090,1280,1310,1360,1440,1450,1470,1500,1560,1700,1760,1800,1930,2180,2350,2530,2770,3120,3380,3480,3570,3690,3800,3870,3900,3930,4020,4200,4300,
Japan,JPN,"GNI per capita, Atlas method (current US$)",NY.GNP.PCAP.CD,,,610,690,800,890,1030,1200,1430,1660,1830,2120,2720,3640,4430,5150,5410,5950,7450,9450,10860,11120,10550,10270,10520,11480,13850,18180,24910,27000,27810,28590,30590,33430,36980,42110,43150,40040,34450,33780,36230,36770,34790,35070,38350,40560,39930,38740,38850,38800,43440,46880,49480,48280,43950,38840,37860,38490,41150,41690,
Kazakhstan,KAZ,"GNI per capita, Atlas method (current US$)",NY.GNP.PCAP.CD,,,,,,,,,,,,,,,,,,,,,,,,,,,,,,,,,,1430,1310,1280,1340,1390,1390,1290,1270,1360,1530,1810,2300,2930,3860,4980,6150,6790,7440,8280,9940,11840,12080,11380,8770,8040,8070,8810,
Kenya,KEN,"GNI per capita, Atlas method (current US$)",NY.GNP.PCAP.CD,,,100,100,110,100,120,120,130,140,130,160,190,200,230,250,250,280,320,390,450,450,390,340,310,310,340,370,410,400,370,350,330,270,260,270,340,390,430,430,410,400,380,400,450,510,580,700,820,900,960,990,1050,1130,1240,1290,1350,1420,1600,1750,
Kyrgyz Republic,KGZ,"GNI per capita, Atlas method (current US$)",NY.GNP.PCAP.CD,,,,,,,,,,,,,,,,,,,,,,,,,,,,,,,,,520,450,370,360,390,390,360,300,280,280,290,340,400,450,500,610,760,860,850,880,1040,1190,1250,1180,1110,1110,1220,1240,
Cambodia,KHM,"GNI per capita, Atlas method (current US$)",NY.GNP.PCAP.CD,,,,,,,,,,,,,,,,,,,,,,,,,,,,,,,,,,,,250,320,320,290,300,300,310,320,350,400,460,520,590,670,700,750,810,880,970,1020,1060,1140,1230,1380,1480,
Kiribati,KIR,"GNI per capita, Atlas method (current US$)",NY.GNP.PCAP.CD,,,,,,,,,,,,,,,,,,,870,860,690,660,790,780,590,540,520,550,640,670,720,960,1030,1020,1050,1150,1090,1340,1470,1300,1330,1340,1250,1310,1480,1700,1710,1820,1930,1900,2050,2090,2620,2980,3220,3470,2920,3020,3080,3350,
St. Kitts and Nevis,KNA,"GNI per capita, Atlas method (current US$)",NY.GNP.PCAP.CD,,,,,,,,,,,,,,,,,,,,1370,1670,1850,1940,2010,2240,2510,3070,3690,4390,4660,5220,5260,5710,6190,6710,7310,7690,8080,7830,8280,9250,9700,9780,9700,10840,12210,12670,13200,14850,14620,14690,15440,15470,16610,16490,16410,17080,17220,18340,19030,
"Korea, Rep.",KOR,"GNI per capita, Atlas method (current US$)",NY.GNP.PCAP.CD,,,120,120,130,130,140,150,190,240,280,310,340,430,550,660,810,970,1280,1680,1870,2030,2050,2170,2340,2480,2850,3530,4520,5380,6450,7570,8310,9010,10090,11820,13320,13550,10330,10430,11030,11950,12850,13790,16200,18520,20800,23440,23860,22040,22290,23590,25660,26980,28160,28720,29330,30300,32610,33720,
Kuwait,KWT,"GNI per capita, Atlas method (current US$)",NY.GNP.PCAP.CD,,,,,,,,,,,,,,,,,,,,,,,,,,,,,,,,,,,,20520,20870,21480,19680,16870,17980,18670,18930,22600,28100,34560,41480,47580,51710,45300,42160,43840,50660,53060,50750,42530,36880,31660,34290,,
Latin America & Caribbean (excluding high income),LAC,"GNI per capita, Atlas method (current US$)",NY.GNP.PCAP.CD,,,,,,,465.0437278,476.9040796,513.4810274,546.391011,579.1915084,632.5366384,698.6350989,858.3878118,1092.445739,1287.647882,1363.648905,1405.405864,1525.464778,1787.157803,2092.035517,2241.269911,2130.517222,1881.298477,1794.571972,1764.948248,1835.694801,1962.324076,2080.738678,2183.187938,2285.105503,2647.433098,2925.481079,3149.890408,3378.526412,3591.120531,3883.577197,4159.932914,4137.027286,3929.110215,4021.230212,3904.911991,3650.697395,3635.596307,3929.132006,4401.642762,5083.340266,5946.589565,6870.321625,7045.135467,7832.403064,8636.340133,9513.95764,9892.778771,9782.522882,8941.417439,8201.942134,8060.883961,8312.953998,8355.006455,
Lao PDR,LAO,"GNI per capita, Atlas method (current US$)",NY.GNP.PCAP.CD,,,,,,,,,,,,,,,,,,,,,,,,,,,550,430,250,210,190,210,250,280,310,350,380,370,310,290,280,310,320,340,390,460,510,620,750,890,1000,1140,1370,1610,1820,1970,2120,2240,2450,2570,
Lebanon,LBN,"GNI per capita, Atlas method (current US$)",NY.GNP.PCAP.CD,,,,,,,,,,,,,,,,,,,,,,,,,,,,,,,1310,1700,1920,2220,2610,3160,3720,4000,4250,4490,4600,4460,4200,3790,4730,4890,4860,5410,6060,6870,7470,7560,7560,7640,7550,7280,7230,7470,7720,7600,
Liberia,LBR,"GNI per capita, Atlas method (current US$)",NY.GNP.PCAP.CD,,,,,,,,,,,,,,,,,,,,,,,,,,,,,,,,,,,,,,,,,,,250,180,210,250,290,330,390,430,460,520,560,630,630,630,620,620,610,580,
Libya,LBY,"GNI per capita, Atlas method (current US$)",NY.GNP.PCAP.CD,,,,,,,,,,,,,,,,,,,,,,,,,,,,,,,,,,,,,,,,,,,5170,5160,5140,6860,8600,10400,12200,12090,12380,4690,11550,10750,7610,5690,4550,5410,6800,7640,
St. Lucia,LCA,"GNI per capita, Atlas method (current US$)",NY.GNP.PCAP.CD,,,,,,,,,,,,,,,,,,,,,,,1530,1510,1660,1940,2500,2830,3330,3570,3730,3850,4400,4410,4510,4660,4850,4760,4930,5150,5250,4990,5010,5370,6000,6230,7260,7500,8090,8020,8170,8820,8860,8790,8840,8730,9440,10070,10640,11020,
Latin America & Caribbean,LCN,"GNI per capita, Atlas method (current US$)",NY.GNP.PCAP.CD,,,,,,,489.842531,501.4418951,537.6015083,572.7319882,609.0895739,667.7402324,735.5128382,899.1856317,1135.953252,1309.09536,1374.963388,1417.362081,1547.563306,1820.345249,2140.377932,2308.022821,2186.306054,1924.249854,1834.255375,1803.597794,1876.24703,2011.283377,2135.496604,2241.670208,2342.63824,2699.100342,2989.088814,3217.955171,3451.035973,3682.090773,3987.412999,4273.285418,4253.727901,4056.757647,4151.525643,4033.422426,3779.38885,3769.510253,4089.464083,4580.041202,5273.969093,6152.725228,7091.580121,7258.977588,8043.156065,8870.130773,9784.196522,10190.31372,10083.66379,9270.747378,8543.275565,8414.270222,8708.989928,8775.331703,
Least developed countries: UN classification,LDC,"GNI per capita, Atlas method (current US$)",NY.GNP.PCAP.CD,,,,,,,,,,,,,,,,,,,,,,,,,,238.0275291,268.1571251,311.3776919,329.4668017,332.262273,320.0198288,316.2369682,290.0609003,276.6828936,252.2608061,263.9746468,275.3891701,289.5373031,289.218865,290.5329401,299.4446992,302.797722,312.5131544,333.9594107,383.3835716,435.8208206,483.1227843,554.7178708,646.760832,713.2990466,773.1586278,822.7941643,900.7857442,966.9711144,1011.899365,1007.815574,995.3374792,1001.440648,1046.813988,1088.827185,
Low income,LIC,"GNI per capita, Atlas method (current US$)",NY.GNP.PCAP.CD,,,,,,,,,,,,,,,,,,,,,,,,,,,,,404.7913512,374.0213639,348.4229029,337.7888304,322.324229,299.6338104,262.1554068,261.8394388,263.2533805,269.5957684,267.7106237,263.0810588,268.7919725,276.8069916,288.8475279,301.5532417,342.7890554,386.6164449,430.0229843,498.5950957,582.1633539,646.173596,693.893128,713.6125089,756.6014996,802.0738722,841.0604841,830.3008093,809.8347101,785.8965252,779.8164761,791.8169426,
Liechtenstein,LIE,"GNI per capita, Atlas method (current US$)",NY.GNP.PCAP.CD,,,,,,,,,,,,,5120,6500,8210,10150,11190,12370,14760,18510,22610,22610,20320,18770,19010,19730,22860,31170,41500,43620,45480,47580,54350,56710,61990,70060,78590,80150,77640,78650,78870,68240,65060,68450,78680,92730,104070,112190,121890,116430,,,,,,,,,,,
Sri Lanka,LKA,"GNI per capita, Atlas method (current US$)",NY.GNP.PCAP.CD,,,,130,130,130,150,170,160,170,170,170,180,210,250,270,260,260,240,260,280,300,310,310,330,370,410,430,460,440,460,490,550,600,640,690,740,800,820,840,870,830,840,940,1060,1210,1360,1550,1790,2010,2410,2850,3360,3490,3640,3760,3810,3870,4040,4020,
Lower middle income,LMC,"GNI per capita, Atlas method (current US$)",NY.GNP.PCAP.CD,,,,112.341061,121.8195352,127.7688489,125.4313952,127.2294214,127.3677011,137.4280216,147.9974015,153.6623889,163.2844574,185.7707756,223.9660993,258.9138883,268.2775325,279.2294894,307.2032661,347.999465,413.9615947,459.5421003,470.9476876,466.9054701,441.717574,439.3213973,454.7024518,493.8033287,528.4173881,514.7336627,503.5916661,473.8528495,470.055368,444.8581647,448.8704693,473.2784926,511.9851187,530.5579655,532.4439685,546.6809979,555.5448393,567.0617798,576.5145628,631.935452,730.6213603,832.2009718,938.051383,1084.10224,1234.581059,1334.245433,1446.870461,1572.896132,1733.114535,1841.213437,1913.885038,1920.985088,1932.204772,1971.930225,2097.631374,2189.438054,
Low & middle income,LMY,"GNI per capita, Atlas method (current US$)",NY.GNP.PCAP.CD,,,,,,,177.6026446,177.4754526,182.0522811,197.7486109,214.0895385,225.739229,243.1499249,290.2247966,357.2663228,420.4042711,435.4327334,453.5008205,490.8932283,564.4019349,646.8921497,698.324037,694.6593382,656.0168883,641.9689144,652.8065565,684.3993738,733.5833085,771.3552361,771.9330556,804.8342785,852.9439051,890.3808835,911.7904569,941.0664793,1007.812379,1096.200881,1161.412565,1122.708532,1102.410426,1141.472465,1150.766056,1168.027761,1268.300185,1470.96274,1709.143907,1980.486469,2341.168128,2754.88918,2965.375936,3312.813037,3682.434277,4169.979168,4509.463491,4663.065622,4546.588092,4455.438078,4530.660782,4848.685791,5101.823587,
Lesotho,LSO,"GNI per capita, Atlas method (current US$)",NY.GNP.PCAP.CD,,,,,,,80,80,80,80,90,90,100,150,220,230,280,310,340,400,440,510,610,540,490,410,390,420,500,520,550,580,650,660,680,690,700,690,620,610,580,640,590,670,810,1020,1130,1300,1310,1230,1300,1440,1610,1560,1450,1340,1300,1240,1280,1360,
Late-demographic dividend,LTE,"GNI per capita, Atlas method (current US$)",NY.GNP.PCAP.CD,,,,,,,193.3725609,189.6301333,194.360944,215.7493768,239.9828448,255.9316878,280.6914164,342.2489021,410.1679819,468.0573418,476.5430826,510.3928357,557.3158259,642.2094498,723.0741322,738.0994128,716.3473489,666.599815,681.8207872,710.5562618,774.7137335,846.5383144,922.325345,994.4243231,1018.903836,1139.03384,1156.884743,1179.880079,1218.347312,1380.263745,1566.90221,1704.309405,1651.953768,1588.815994,1634.191898,1645.27638,1721.906835,1917.45621,2276.265724,2689.805177,3188.609296,3878.803461,4701.445993,5132.570024,5771.656718,6501.21695,7473.533048,8274.285898,8682.754948,8515.828676,8359.938564,8562.644983,9351.614813,10024.0284,
Lithuania,LTU,"GNI per capita, Atlas method (current US$)",NY.GNP.PCAP.CD,,,,,,,,,,,,,,,,,,,,,,,,,,,,,,,,,,,,,,2600,2860,2980,3210,3460,3830,4700,6040,7600,8820,10620,12660,12430,12560,13290,14070,15310,16040,15170,14870,15260,17380,18990,
Luxembourg,LUX,"GNI per capita, Atlas method (current US$)",NY.GNP.PCAP.CD,,,1630,1680,1870,1920,2020,2070,2240,2560,3030,3350,4070,5230,6890,7930,8510,9080,10650,12940,15480,15490,14930,13490,13060,13130,15610,20090,26020,28700,31500,35370,39210,40270,41570,46020,48610,50650,47100,46470,46460,45630,42630,46000,62800,73810,71580,86210,88000,71220,78220,76260,75450,75500,76470,72470,68670,66430,70910,73910,
Latvia,LVA,"GNI per capita, Atlas method (current US$)",NY.GNP.PCAP.CD,,,,,,,,,,,,,,,,,,,,,,,,,,,,,,,,,,,,,,2710,2860,2980,3310,3590,3920,4660,5810,7350,8880,11160,13440,14040,12580,13150,13850,14930,15300,15010,14600,14720,16520,17730,
"Macao SAR, China",MAC,"GNI per capita, Atlas method (current US$)",NY.GNP.PCAP.CD,,,,,,,,,,,,,,,,,,,,,,,,,4770,4600,5220,6510,7490,8080,8970,9990,12570,14300,16030,17430,17500,17330,15700,14650,14710,15750,16330,17870,22250,24020,26320,34580,34360,36530,45580,54870,61240,70560,74210,64350,65980,72310,78640,,
St. Martin (French part),MAF,"GNI per capita, Atlas method (current US$)",NY.GNP.PCAP.CD,,,,,,,,,,,,,,,,,,,,,,,,,,,,,,,,,,,,,,,,,,,,,,,,,,,,,,,,,,,,,
Morocco,MAR,"GNI per capita, Atlas method (current US$)",NY.GNP.PCAP.CD,,,,,,,,,220,240,250,270,290,350,440,540,580,600,650,780,980,960,940,790,730,680,770,860,1080,1110,1160,1240,1270,1230,1350,1300,1510,1460,1460,1410,1390,1400,1370,1540,1830,2070,2240,2380,2700,2880,2930,3000,2980,3090,3060,3020,2880,2880,3090,3190,
Monaco,MCO,"GNI per capita, Atlas method (current US$)",NY.GNP.PCAP.CD,,,,,,,,,,,,,,,,,,,,,,,,,,,,,,,,,,,,,,,,,,,,,,,,,,,,,,,,,,,,,
Moldova,MDA,"GNI per capita, Atlas method (current US$)",NY.GNP.PCAP.CD,,,,,,,,,,,,,,,,,,,,,,,,,,,,,,,,,,,,,,620,580,510,470,500,580,710,910,1120,1280,1440,1870,1960,2380,2730,3140,3620,3740,3300,3180,3330,3930,,
Madagascar,MDG,"GNI per capita, Atlas method (current US$)",NY.GNP.PCAP.CD,,,130,130,140,140,150,160,170,170,180,180,190,210,260,310,300,310,310,390,500,510,520,480,430,400,400,370,340,300,310,280,290,290,290,280,300,300,300,280,290,300,280,340,340,340,330,380,450,470,470,480,500,520,520,490,470,470,510,520,
Maldives,MDV,"GNI per capita, Atlas method (current US$)",NY.GNP.PCAP.CD,,,,,,,,,,,,,,,,,,,,,,,,,,,,,,,,,,,,,,1760,1860,1980,2070,2240,2620,3400,3770,3460,4540,4480,5410,5460,5960,6600,6630,6800,7320,7650,8070,8570,9140,9650,
Middle East & North Africa,MEA,"GNI per capita, Atlas method (current US$)",NY.GNP.PCAP.CD,,,,,,,,,,,,,,,,,,,,,,,,,,,,,,,,,,,,2461.001583,2645.592337,2771.725479,2782.254389,2736.180917,2872.615163,2962.628822,2951.483386,3206.640437,3642.156699,4148.001852,4720.966996,5443.764898,6339.323208,6538.590494,6962.219462,7364.550241,8286.110649,8768.283404,8747.236999,8088.615287,7714.717037,7289.198003,7652.128022,7993.630575,
Mexico,MEX,"GNI per capita, Atlas method (current US$)",NY.GNP.PCAP.CD,,,360,390,440,480,510,560,610,640,680,730,820,990,1210,1460,1540,1480,1590,1890,2560,3270,3000,2400,2200,2270,2080,2040,2090,2370,2790,3250,3770,4490,5310,4790,4620,4660,5000,5510,6210,6740,7100,7360,7820,8050,8690,9250,9780,8820,9040,9310,10050,10270,10510,10170,9400,8930,9180,9430,
Marshall Islands,MHL,"GNI per capita, Atlas method (current US$)",NY.GNP.PCAP.CD,,,,,,,,,,,,,,,,,,,,,,,,,,,,,,,,,,,,3070,2690,2590,2690,2830,2960,3110,3100,3130,3300,3460,3380,3510,3390,3480,3600,3600,3510,3900,4070,4310,4280,4460,4860,,
Middle income,MIC,"GNI per capita, Atlas method (current US$)",NY.GNP.PCAP.CD,,,,,,,184.2519552,183.9450526,188.6637367,204.997935,222.1980709,234.2454835,252.2192133,301.6085167,370.974857,435.8763057,450.9672827,469.7905118,508.8140707,585.4411178,671.1556656,724.9712663,721.7218262,681.8980812,668.1114896,679.4759971,711.94812,762.0943515,802.0093251,804.791799,841.9207328,894.7591516,936.3433237,961.4507747,996.1545353,1068.990019,1165.177503,1236.095374,1195.288989,1174.628247,1217.598615,1228.255087,1247.342365,1356.790889,1575.867663,1834.02552,2129.112579,2520.656592,2970.074792,3199.519148,3580.676432,3989.154415,4526.494764,4901.801021,5073.611999,4951.859422,4858.818874,4950.348702,5310.424847,5598.170535,
North Macedonia,MKD,"GNI per capita, Atlas method (current US$)",NY.GNP.PCAP.CD,,,,,,,,,,,,,,,,,,,,,,,,,,,,,,,,,1750,1460,1400,1790,2190,2210,2010,1910,1910,1820,1820,2090,2560,2990,3310,3580,4330,4610,4700,4810,4740,5000,5200,5110,4980,4920,5470,5910,
Mali,MLI,"GNI per capita, Atlas method (current US$)",NY.GNP.PCAP.CD,,,,,,,,,,60,60,70,80,90,100,120,140,160,170,220,250,240,200,170,160,180,200,240,290,290,290,320,330,320,280,270,270,280,280,290,280,300,290,350,400,460,500,530,610,660,690,730,730,780,810,800,780,770,840,880,
Malta,MLT,"GNI per capita, Atlas method (current US$)",NY.GNP.PCAP.CD,,,,,,,,,,,,,1090,1260,1560,1990,2120,2320,2660,3300,4280,4670,4550,3940,3830,3690,4000,4930,6260,6910,7600,7940,8720,8570,8600,8990,9490,9890,9810,10510,11360,11400,11270,12090,14050,15590,16300,17730,19950,19520,20540,21440,21650,22710,24260,24680,23580,23570,26350,27290,
Myanmar,MMR,"GNI per capita, Atlas method (current US$)",NY.GNP.PCAP.CD,,,,,,,,,,,,,,,,,,,,,,,,,,,,,,,,,,,,,,,,,,,170,180,220,270,290,350,470,640,850,1010,1130,1220,1230,1260,1280,1290,1370,1390,
Middle East & North Africa (excluding high income),MNA,"GNI per capita, Atlas method (current US$)",NY.GNP.PCAP.CD,,,,,,,,,,,,,,,,,,,,,,,,,,,,,,,,,,,,1241.509803,1377.78591,1466.46082,1509.761717,1514.721571,1568.034319,1597.981283,1604.738333,1719.793721,1902.86576,2154.888449,2428.0791,2842.353651,3357.808738,3676.411092,3992.912627,4100.594551,4577.742095,4743.936491,4617.992395,4169.759981,4103.504058,3860.744557,,,
Montenegro,MNE,"GNI per capita, Atlas method (current US$)",NY.GNP.PCAP.CD,,,,,,,,,,,,,,,,,,,,,,,,,,,,,,,,,,,,,,,,,,,1970,2440,3100,3660,4320,5120,6470,6740,6930,7250,7000,7330,7320,7260,7090,7410,8440,9010,
Mongolia,MNG,"GNI per capita, Atlas method (current US$)",NY.GNP.PCAP.CD,,,,,,,,,,,,,,,,,,,,,,,,1440,1320,1230,1350,1520,1690,1590,1430,1200,810,510,430,460,550,580,520,480,470,480,530,610,760,900,1120,1410,1800,1790,2000,2590,3650,4330,4210,3820,3500,3230,3630,3780,
Northern Mariana Islands,MNP,"GNI per capita, Atlas method (current US$)",NY.GNP.PCAP.CD,,,,,,,,,,,,,,,,,,,,,,,,,,,,,,,,,,,,,,,,,,,,,,,,,,,,,,,,,,,,,
Mozambique,MOZ,"GNI per capita, Atlas method (current US$)",NY.GNP.PCAP.CD,,,,,,,,,,,,,,,,,,,,,,,,,,,,,,,,,,210,190,190,220,260,310,340,320,310,280,320,350,390,420,450,500,540,520,550,600,670,690,640,530,470,460,480,
Mauritania,MRT,"GNI per capita, Atlas method (current US$)",NY.GNP.PCAP.CD,,,,180,230,260,260,270,290,280,290,280,290,340,480,510,540,550,570,640,710,720,670,640,610,580,610,670,740,760,730,810,920,970,870,900,970,870,830,820,730,650,650,710,800,940,1150,1230,1380,1440,1500,1600,1760,1850,1750,1640,1510,1500,1580,1660,
Mauritius,MUS,"GNI per capita, Atlas method (current US$)",NY.GNP.PCAP.CD,,,,,,,,,,,,,,,,,,,1010,1220,1240,1280,1190,1070,1030,1060,1250,1620,2060,2220,2430,2620,2990,3120,3230,3470,3780,3900,3780,3660,3900,3970,3960,4410,5170,5600,5930,6490,7400,7800,8080,8400,9550,10520,10820,10700,10640,10980,12040,12740,
Malawi,MWI,"GNI per capita, Atlas method (current US$)",NY.GNP.PCAP.CD,,,50,50,50,50,60,60,60,60,60,70,80,90,110,130,130,130,150,170,190,190,180,170,170,160,150,150,160,160,180,210,200,220,160,160,170,200,200,180,160,140,170,220,300,300,310,330,370,410,450,490,460,410,370,350,340,340,350,380,
Malaysia,MYS,"GNI per capita, Atlas method (current US$)",NY.GNP.PCAP.CD,,,240,250,270,300,320,330,340,350,370,390,440,570,750,860,920,970,1130,1450,1790,1930,1860,1810,1950,1920,1860,1960,2140,2260,2400,2560,2880,3230,3600,4050,4500,4620,3640,3380,3460,3550,3790,4160,4740,5270,5840,6630,7510,7600,8260,9050,10180,10840,11140,10680,10150,9940,10590,11200,
North America,NAC,"GNI per capita, Atlas method (current US$)",NY.GNP.PCAP.CD,,,3222.828168,3352.185792,3540.161343,3802.076464,4109.46341,4279.762235,4643.152306,4963.025219,5119.774231,5503.884418,6157.172942,7171.287984,7908.810754,8462.135141,8945.624943,9549.411046,10666.34699,12047.09821,13214.23826,14172.24581,13993.96787,14337.76127,15910.24076,17121.43302,18666.20396,20900.18219,23018.25205,23384.61891,23725.42153,23951.13119,25260.91304,25885.06128,26990.30516,28233.11214,29340.84231,30299.05587,30928.44996,32453.00546,34664.71228,35380.19781,35978.12933,38409.22785,42184.61286,45086.62572,46968.11453,47975.37054,48665.23135,47302.04815,48556.5889,50248.44405,52602.379,53844.55234,55490.93984,55827.00639,55856.47768,57449.54038,61357.43368,63777.60343,
Namibia,NAM,"GNI per capita, Atlas method (current US$)",NY.GNP.PCAP.CD,,,,,,,,,,,,,,,,,,,,,,,1980,1840,1670,1320,1340,1600,1690,1850,1990,2150,2300,2210,2270,2460,2510,2510,2370,2240,2260,2100,2010,2290,2890,3530,4040,4210,4310,4260,4510,5150,5680,5910,5760,5290,4700,4610,4900,5060,
New Caledonia,NCL,"GNI per capita, Atlas method (current US$)",NY.GNP.PCAP.CD,,,,,,,,1830,2160,2520,3220,3420,3780,3990,5270,6400,6440,6580,6980,6900,7980,7940,7160,5920,5480,5510,6170,8070,13270,14530,14760,15200,16070,16340,16780,18220,18240,17810,15730,14810,14020,,,,,,,,,,,,,,,,,,,,
Niger,NER,"GNI per capita, Atlas method (current US$)",NY.GNP.PCAP.CD,,,150,160,160,170,170,170,160,150,150,160,150,160,210,230,220,230,280,350,410,400,350,290,210,220,250,270,330,320,330,360,420,340,270,240,230,230,240,230,210,210,210,230,270,310,340,360,420,450,480,480,520,540,550,520,500,490,540,560,
Nigeria,NGA,"GNI per capita, Atlas method (current US$)",NY.GNP.PCAP.CD,,,100,110,110,110,110,100,100,120,170,180,200,220,340,400,510,560,560,640,760,970,1260,1450,1130,970,790,710,680,550,560,510,510,360,310,310,390,440,440,460,470,530,630,710,870,1030,1350,1610,1960,2040,2140,2190,2460,2720,2990,2880,2470,2100,1970,2030,
Nicaragua,NIC,"GNI per capita, Atlas method (current US$)",NY.GNP.PCAP.CD,,,140,150,160,200,230,290,290,310,310,320,330,380,510,570,600,680,650,500,600,660,680,680,700,690,750,860,680,360,310,220,240,290,450,610,880,880,880,930,960,970,960,1000,1080,1160,1200,1290,1390,1380,1460,1570,1690,1780,1850,1910,2000,2080,2020,1910,
Netherlands,NLD,"GNI per capita, Atlas method (current US$)",NY.GNP.PCAP.CD,,,1220,1310,1460,1700,1840,2000,2230,2550,2890,3290,3850,5070,6370,7630,8350,9100,10460,12760,14830,14000,12350,11070,10730,10330,11690,14720,18570,19540,20320,21280,23520,24040,25370,27690,29750,29800,28260,28670,28810,27390,27020,30950,37280,42050,45910,49110,52670,53670,53900,54480,52930,52950,51980,49810,46900,47140,51310,53200,
Norway,NOR,"GNI per capita, Atlas method (current US$)",NY.GNP.PCAP.CD,,,1610,1710,1860,2050,2240,2470,2630,2850,3120,3570,4230,5320,6750,8380,9150,9960,11110,13110,15650,16420,15750,14940,15150,15710,17550,20830,23970,25080,26510,27830,30790,30220,30860,32700,35800,37920,36110,35550,36570,38250,39880,44750,54110,63790,69990,78500,87520,87910,88560,90420,99220,104330,104560,93110,81810,76210,80640,82500,
Nepal,NPL,"GNI per capita, Atlas method (current US$)",NY.GNP.PCAP.CD,,,50,50,50,50,70,80,70,70,70,70,80,80,100,110,120,120,120,130,140,160,150,140,160,160,170,180,200,210,210,210,200,190,200,200,210,220,210,220,230,240,240,260,280,310,340,370,430,480,540,610,700,750,770,780,770,860,970,1090,
Nauru,NRU,"GNI per capita, Atlas method (current US$)",NY.GNP.PCAP.CD,,,,,,,,,,,,,,,,,,,,,,,,,,,,,,,,,,,,,,,,,,,,,,,,,,,,,8750,12260,12950,11390,10220,10160,12040,14230,
New Zealand,NZL,"GNI per capita, Atlas method (current US$)",NY.GNP.PCAP.CD,,,,,,,,,,,,,3000,3990,4930,4970,4650,4550,5230,6530,7670,8240,7860,7370,7010,6950,7860,10010,12550,13570,13640,12160,12050,12360,13400,15280,16730,17160,15790,15040,14080,13810,14170,16960,21500,25440,26400,28170,28680,29710,29690,32270,36730,39910,41630,40560,39390,38170,41100,42670,
OECD members,OED,"GNI per capita, Atlas method (current US$)",NY.GNP.PCAP.CD,,,1454.54802,1540.62496,1655.912142,1792.368238,1950.142646,2070.470539,2267.149507,2459.500829,2601.455611,2835.269989,3244.937066,3963.416787,4627.966077,5169.725562,5459.181645,5831.707598,6639.633816,7935.388006,9146.989014,9512.709727,9030.419834,8638.582843,8938.266084,9348.78842,10477.67544,12535.38585,15217.33016,16024.92539,16771.48526,17424.12541,18889.85932,19343.26012,20302.31471,21567.12096,22546.74675,22644.06827,21851.89521,22133.9663,23085.93289,23056.51432,22924.41595,24664.47424,28121.95338,30978.15135,32511.89065,33770.32929,35150.39761,34504.3856,35424.97082,36582.51577,37731.00356,38369.32934,38485.66201,37369.70725,36465.05193,36596.76991,38941.38857,40115.38273,
Oman,OMN,"GNI per capita, Atlas method (current US$)",NY.GNP.PCAP.CD,,,,,,,,160,230,280,320,330,360,310,700,1510,2770,2720,2650,3070,3960,5480,6210,6160,6320,6560,5930,5390,5210,5660,5710,6040,6510,6280,6160,6270,6470,6810,6490,6380,7070,7920,7960,8250,9380,10620,11510,14490,17430,17740,18500,16760,19190,20320,19170,17790,15810,14020,14160,15330,
Other small states,OSS,"GNI per capita, Atlas method (current US$)",NY.GNP.PCAP.CD,,,,,,,,,,,,,,,,,,,,,,,,,,,,,,,,,,,,,,,,,,,4222.89847,4711.075439,5711.686209,6865.669167,8308.414865,9776.731054,11178.86881,11019.37289,11510.30667,12477.13336,13805.74991,14832.74072,15021.016,14038.34931,12910.74201,12395.09479,13191.14279,13765.95059,
Pakistan,PAK,"GNI per capita, Atlas method (current US$)",NY.GNP.PCAP.CD,,,90,100,100,110,120,130,150,160,180,180,180,150,150,160,190,210,260,300,350,390,400,390,380,380,390,400,430,420,420,420,440,450,450,490,500,490,460,450,490,520,550,600,680,770,830,890,970,1010,1030,1090,1200,1290,1320,1360,1420,1500,1590,1530,
Panama,PAN,"GNI per capita, Atlas method (current US$)",NY.GNP.PCAP.CD,,,490,530,550,590,630,670,710,770,810,890,960,1090,1220,1370,1350,1360,1570,1760,2200,2410,2590,2530,2530,2820,2860,3280,2740,2570,2660,2730,3020,3260,3440,3470,3560,3600,3690,3760,3910,3840,3970,4110,4510,4790,5100,5770,6540,6900,7260,8550,9540,10630,11190,12200,12780,13750,14420,14950,
Peru,PER,"GNI per capita, Atlas method (current US$)",NY.GNP.PCAP.CD,,,290,300,340,380,450,490,470,480,500,560,630,740,930,1080,1070,1020,870,910,1020,1170,1130,920,890,840,840,950,790,790,840,1220,1420,1550,1760,1950,2150,2280,2150,2030,1970,1900,1960,2080,2280,2540,2810,3210,3790,3970,4410,4970,5790,6420,6530,6340,6110,6060,6470,6740,
Philippines,PHL,"GNI per capita, Atlas method (current US$)",NY.GNP.PCAP.CD,,,220,190,170,180,200,210,220,240,220,220,220,260,320,380,420,450,500,590,700,750,740,680,570,520,540,600,660,700,720,730,770,820,920,1020,1160,1230,1200,1180,1150,1160,1130,1170,1290,1380,1490,1720,2000,2170,2370,2520,2860,3160,3330,3380,3450,3530,3710,3850,
Palau,PLW,"GNI per capita, Atlas method (current US$)",NY.GNP.PCAP.CD,,,,,,,,,,,,,,,,,,,,,,,,,,,,,,,,,,,,,,,,,,,9180,8820,9420,10570,10760,11660,11640,11200,11430,12140,12590,12830,14020,16180,16870,16400,17280,,
Papua New Guinea,PNG,"GNI per capita, Atlas method (current US$)",NY.GNP.PCAP.CD,,,110,120,120,140,150,160,180,200,220,240,270,350,440,490,470,470,570,640,710,720,650,610,600,610,640,690,790,800,740,790,840,980,1030,950,930,850,720,630,570,510,480,470,540,650,790,1070,1400,1510,1740,1820,2270,2500,2990,2910,2700,2570,2570,2780,
Poland,POL,"GNI per capita, Atlas method (current US$)",NY.GNP.PCAP.CD,,,,,,,,,,,,,,,,,,,,,,,,,,,,,,,,,2080,2480,2760,3240,3830,4230,4350,4430,4660,4700,4880,5480,6260,7350,8470,9970,11970,12530,12770,12950,13300,13530,13680,13350,12680,12740,14150,15200,
Pre-demographic dividend,PRE,"GNI per capita, Atlas method (current US$)",NY.GNP.PCAP.CD,,,,,,,,,,,,,,,,,,,,,401.4710655,431.7744595,458.4508655,449.8787415,389.9673296,370.3798943,365.7776224,390.4255339,403.7478817,382.4713599,464.9600301,443.7505915,412.8823347,353.244075,317.2842491,327.0498877,352.443198,378.6272413,377.7887997,379.9325291,382.4810432,397.0752311,434.9991957,478.1717583,573.2690268,669.2815576,803.7629626,955.6384478,1165.776291,1248.204408,1315.037597,1364.484176,1539.762081,1674.50021,1760.436548,1676.340159,1524.746138,1384.393122,1371.548539,1424.446061,
Puerto Rico,PRI,"GNI per capita, Atlas method (current US$)",NY.GNP.PCAP.CD,,,820,900,960,1060,1160,1240,1370,1560,1750,1910,2100,2380,2590,2660,2650,2740,2980,3390,3720,3890,3770,3670,3970,4280,4750,5350,5860,6050,5950,6300,6760,7100,7370,7820,8130,8510,8690,9590,10550,10950,11250,12170,14260,14750,15030,15860,16360,16580,16920,17670,18680,19170,19280,19420,19710,20000,21030,21970,
"Korea, Dem. People’s Rep.",PRK,"GNI per capita, Atlas method (current US$)",NY.GNP.PCAP.CD,,,,,,,,,,,,,,,,,,,,,,,,,,,,,,,,,,,,,,,,,,,,,,,,,,,,,,,,,,,,,
Portugal,PRT,"GNI per capita, Atlas method (current US$)",NY.GNP.PCAP.CD,,,410,430,470,520,570,640,730,790,950,1070,1270,1700,2070,2210,2330,2430,2530,2870,3350,3420,3230,2830,2520,2530,3080,4160,5630,6320,7130,8180,9860,10100,10450,11210,12100,12370,12190,12260,12170,11830,11750,13260,16140,18580,19390,20850,22590,22920,22960,22720,21150,21370,21190,20440,19930,20050,21990,23080,
Paraguay,PRY,"GNI per capita, Atlas method (current US$)",NY.GNP.PCAP.CD,,,,,,,,,,,,,,,,,,,,,,,,,,,,,,,,,,,,1680,1840,1840,1730,1600,1440,1410,1330,1230,1350,1520,1840,2320,3080,3450,4070,4480,4760,5510,5780,5620,5390,5390,5620,5510,
West Bank and Gaza,PSE,"GNI per capita, Atlas method (current US$)",NY.GNP.PCAP.CD,,,,,,,,,,,,,,,,,,,,,,,,,,,,,,,,,,,,,1470,1630,1780,1800,1550,1370,1190,1370,1510,1660,1570,1700,1900,2080,2330,2720,3020,3190,3270,3380,3460,3520,3710,,
Pacific island small states,PSS,"GNI per capita, Atlas method (current US$)",NY.GNP.PCAP.CD,,,,,,,,,,,,,,,,,,,,,,,,1326.571451,1376.186523,1325.624687,1461.817579,1440.375869,1482.097455,1494.963222,1511.455562,1507.553992,1651.51864,1710.786505,1817.235603,1984.686257,2080.082124,2161.451898,2009.816959,2008.982978,1908.335983,1839.459013,1805.072274,1931.21908,2265.955973,2585.249026,2662.0015,2798.907624,2948.981904,2866.555463,2840.900386,2991.606765,3294.895936,3666.383376,3811.821518,3905.370019,3899.687387,3944.370477,4163.842955,4213.057671,
Post-demographic dividend,PST,"GNI per capita, Atlas method (current US$)",NY.GNP.PCAP.CD,,,1523.704309,1615.754989,1738.414953,1885.501621,2055.281207,2186.922557,2398.643033,2609.169913,2765.488022,3021.965549,3469.495274,4250.755418,4962.054815,5550.140476,5874.11939,6300.789483,7196.695854,8614.098889,9929.558207,10301.53613,9824.459625,9464.621877,9854.217945,10339.71485,11658.24548,14015.40443,17092.33802,18020.15129,18839.1673,19559.02784,21197.84809,21666.55255,22754.24726,24281.70323,25442.39083,25576.22652,24634.31564,24965.93862,26007.83844,26022.73607,25879.2585,27920.98918,31892.77265,35142.19158,36844.10889,38214.56513,39736.50439,39100.43698,40200.99375,41566.03257,42849.6028,43591.3976,43748.90106,42543.43912,41717.18884,42073.77831,44949.08351,46456.07896,
French Polynesia,PYF,"GNI per capita, Atlas method (current US$)",NY.GNP.PCAP.CD,,,,,,,,2090,2520,2430,2400,2640,2660,3320,4580,5100,5590,5890,6760,7980,9140,9600,9130,8190,8030,8340,10250,13000,15350,14940,15270,16030,17260,17400,17470,17910,17780,17250,16660,16170,15760,,,,,,,,,,,,,,,,,,,,
Qatar,QAT,"GNI per capita, Atlas method (current US$)",NY.GNP.PCAP.CD,,,,,,,,,,,,,,,,,,,,,,,,,,,,,,,,,,,,,,,,,,,28400,30680,36160,38260,50810,58030,65580,61250,63620,66950,72860,78800,79900,72690,64010,58610,61150,63410,
Romania,ROU,"GNI per capita, Atlas method (current US$)",NY.GNP.PCAP.CD,,,,,,,,,,,,,,,,,,,,,,,,,,,,,,,,,1250,1190,1270,1490,1640,1590,1580,1610,1710,1760,1950,2250,2960,3880,4900,6510,8800,9220,8640,8660,8780,9320,9680,9650,9650,10110,11430,12630,
Russian Federation,RUS,"GNI per capita, Atlas method (current US$)",NY.GNP.PCAP.CD,,,,,,,,,,,,,,,,,,,,,,,,,,,,,,,,3440,3090,2920,2650,2640,2600,2650,2130,1750,1710,1780,2100,2590,3410,4450,5810,7560,9580,9230,9980,11060,13490,15190,14630,11780,9730,9210,10250,11260,
Rwanda,RWA,"GNI per capita, Atlas method (current US$)",NY.GNP.PCAP.CD,,,40,40,40,40,40,50,50,50,60,60,60,70,80,100,130,160,180,230,270,280,270,260,250,260,290,320,350,350,350,320,340,310,150,210,220,260,260,260,240,220,220,210,240,280,330,390,490,560,610,660,710,730,740,750,750,740,780,820,
South Asia,SAS,"GNI per capita, Atlas method (current US$)",NY.GNP.PCAP.CD,,,86.65540529,93.9319031,104.5519945,109.3418002,105.4030701,106.6242599,104.0722955,111.4442623,118.1058156,121.960064,126.011147,142.2327863,164.7218123,187.9136402,182.2738807,185.5563046,205.1730019,224.3003301,269.5942588,296.0721454,290.1690886,285.1558423,282.7980351,292.0695383,311.8802091,346.5474111,383.9971137,381.1765994,378.0468146,349.9182236,351.252535,337.0145086,350.7646185,376.4386818,407.5278797,415.4717715,416.7929945,436.7652933,445.8004041,455.4945145,463.3394947,517.1134767,602.5073947,691.4048292,765.4138137,874.8280261,953.5493701,1058.607212,1153.256313,1283.571509,1397.599375,1444.827778,1489.38221,1535.532652,1614.446622,1746.469846,1915.430049,2018.591993,
Saudi Arabia,SAU,"GNI per capita, Atlas method (current US$)",NY.GNP.PCAP.CD,,,,,,,,,,,930,1000,1150,1600,3160,4500,8020,8770,8890,11170,14270,16530,13970,11320,10130,9010,9140,7700,7630,7080,7390,8310,8500,8050,7720,7810,8030,8230,8010,7650,8150,8520,8370,9480,11040,12650,14160,15800,18460,17900,18750,20880,24040,25440,25550,23710,21610,19990,21600,22850,
Sudan,SDN,"GNI per capita, Atlas method (current US$)",NY.GNP.PCAP.CD,,,140,140,140,140,140,140,150,160,170,180,190,220,290,380,440,480,460,490,480,500,470,430,380,390,540,790,780,720,530,450,340,310,320,400,400,380,340,330,340,350,380,430,500,600,700,910,1080,1150,1190,1350,1540,1490,1560,1690,1570,1320,840,590,
Senegal,SEN,"GNI per capita, Atlas method (current US$)",NY.GNP.PCAP.CD,,,,,,,,,340,310,320,320,350,370,450,560,600,590,580,720,800,810,750,590,550,550,630,810,930,930,900,910,960,910,750,720,680,690,680,670,650,630,600,710,870,1000,1040,1120,1270,1340,1340,1310,1330,1360,1380,1320,1270,1280,1400,1450,
Singapore,SGP,"GNI per capita, Atlas method (current US$)",NY.GNP.PCAP.CD,,,490,530,510,540,590,660,750,850,970,1090,1280,1600,2090,2660,2930,3020,3370,3990,4730,5380,5680,6170,6930,7100,7330,8080,9320,10320,11450,12970,15270,17710,20780,23630,25620,27730,24010,23360,23680,22130,22000,23440,26150,28820,32550,36010,37230,37320,44930,48290,51740,54480,56380,53160,53020,54320,57900,59590,
Solomon Islands,SLB,"GNI per capita, Atlas method (current US$)",NY.GNP.PCAP.CD,,,,,,,,,,,,,,,,,,,,,,,,,,,,,,,,,800,750,830,900,890,1440,1320,1220,1010,930,840,830,860,890,970,960,980,820,900,1080,1490,1770,1840,1870,1830,1870,2020,2050,
Sierra Leone,SLE,"GNI per capita, Atlas method (current US$)",NY.GNP.PCAP.CD,,,,,150,160,150,140,140,150,160,160,170,190,220,250,220,210,240,310,370,360,350,300,290,240,170,180,170,210,190,170,130,160,160,180,210,200,170,150,140,150,200,270,280,290,300,360,420,440,420,430,530,660,700,550,490,520,490,500,
El Salvador,SLV,"GNI per capita, Atlas method (current US$)",NY.GNP.PCAP.CD,,,,,,,,300,300,300,310,320,350,380,440,480,530,610,710,780,760,730,680,670,690,720,760,820,860,860,900,930,1060,1170,1290,1480,1590,1690,1750,1810,1900,1950,2000,2130,2270,2420,2570,2680,2870,2820,2880,3060,3210,3350,3400,3440,3510,3600,3820,4000,
San Marino,SMR,"GNI per capita, Atlas method (current US$)",NY.GNP.PCAP.CD,,,,,,,,,,,,,,,,,,,,,,,,,,,,,,,,,,,,,,,,,,,,,,,,,,,,,,,,,,,,,
Somalia,SOM,"GNI per capita, Atlas method (current US$)",NY.GNP.PCAP.CD,,,70,70,70,70,80,90,90,90,100,100,120,140,130,190,180,160,130,110,100,110,110,100,110,120,130,150,150,150,130,,,,,,,,,,,,,,,,,,,,,,,,,,,,,,
Serbia,SRB,"GNI per capita, Atlas method (current US$)",NY.GNP.PCAP.CD,,,,,,,,,,,,,,,,,,,,,,,,,,,,,,,,,,,,,,2990,2980,2600,1610,1540,1520,2390,3250,3830,4200,4890,6040,6450,6220,6300,6090,6460,6240,5960,5690,5550,6400,7020,
Sub-Saharan Africa (excluding high income),SSA,"GNI per capita, Atlas method (current US$)",NY.GNP.PCAP.CD,,,120.6563566,127.5788408,133.6272329,141.33867,146.731948,150.5198684,157.1075503,170.3263285,191.6688136,204.2939431,217.7426046,251.9298224,329.6705639,384.9996688,413.2348015,424.8814033,446.9071611,522.4929213,623.6527548,720.0576108,757.5839644,746.222927,655.208459,590.0814968,565.3132756,602.1626078,653.3457422,639.8944267,624.4264401,621.2521526,615.5948698,579.6216911,554.1993296,569.4028819,590.2023499,603.5703846,569.5241718,558.0416095,550.0303435,543.4129996,552.4310226,601.5011306,730.9057943,893.7749644,1038.70341,1171.533805,1322.322546,1367.020498,1433.644746,1519.137957,1660.557541,1747.171834,1799.33304,1718.77275,1566.567443,1477.210238,1494.321852,1536.00828,
South Sudan,SSD,"GNI per capita, Atlas method (current US$)",NY.GNP.PCAP.CD,,,,,,,,,,,,,,,,,,,,,,,,,,,,,,,,,,,,,,,,,,,,,,,,,,,,810,850,1160,1250,1090,,,,,
Sub-Saharan Africa,SSF,"GNI per capita, Atlas method (current US$)",NY.GNP.PCAP.CD,,,121.0224571,127.9666291,134.0337021,141.7647061,147.1816145,150.9785578,157.5858669,170.8391553,192.2455448,204.9223493,218.4289717,252.7455551,330.7390319,386.2522288,414.5871899,426.2711784,448.4348999,524.4373482,625.2957255,721.4443469,758.5345815,746.832416,656.0081715,591.2018023,566.9697943,604.6350258,656.7289618,643.6958043,628.7117156,625.900048,621.0685017,585.4406637,560.2647161,575.7911342,597.0761373,610.6065513,576.3108606,564.5390634,556.8808359,550.2757708,559.0729477,608.7615404,739.2455773,902.5335595,1047.711101,1180.937174,1332.549039,1377.408907,1444.085853,1529.647239,1672.290663,1759.91075,1812.14478,1731.296437,1578.910569,1489.832236,1507.978343,1550.182071,
Small states,SST,"GNI per capita, Atlas method (current US$)",NY.GNP.PCAP.CD,,,,,,,,,,,,,,,,,,,,,,,,,,,,,,,,,,,,,,,,,,,4277.7722,4736.495077,5612.659372,6584.414121,7791.250132,9013.924107,10221.40025,10034.96842,10425.57938,11132.35913,12285.66985,13167.24048,13319.80282,12607.065,11661.60468,11271.15831,11943.04084,12477.07474,
Sao Tome and Principe,STP,"GNI per capita, Atlas method (current US$)",NY.GNP.PCAP.CD,,,,,,,,,,,,,,,,,,,,,,,,,,,,,,,,,,,,,,,,,,,,600,700,820,940,960,1020,1060,1130,1190,1240,1440,1640,1660,1700,1700,1890,1960,
Suriname,SUR,"GNI per capita, Atlas method (current US$)",NY.GNP.PCAP.CD,,,270,230,250,370,450,510,520,530,570,610,690,770,980,1320,1420,1640,1930,2170,2290,2640,2510,2320,2340,2380,2460,2520,2980,2230,1420,1140,1040,970,1100,1320,1630,1840,2050,1950,1970,1670,1930,2200,2820,3320,4040,5050,6330,6960,7620,7920,8550,8950,9260,8690,6590,5400,5210,5540,
Slovak Republic,SVK,"GNI per capita, Atlas method (current US$)",NY.GNP.PCAP.CD,,,,,,,,,,,,,,,,,,,,,,,,,,,,,,,,,,,,4220,5020,5420,5430,5380,5530,5720,6020,6960,9030,11350,12940,14930,17250,17100,17400,17420,17780,18220,18310,17670,16790,16580,18330,19320,
Slovenia,SVN,"GNI per capita, Atlas method (current US$)",NY.GNP.PCAP.CD,,,,,,,,,,,,,,,,,,,,,,,,,,,,,,,,,,,,8840,10200,11240,11000,11320,11270,10950,10920,12630,15610,18310,19820,21790,24620,24380,24540,24580,23250,23230,23610,22250,21750,22110,24530,25750,
Sweden,SWE,"GNI per capita, Atlas method (current US$)",NY.GNP.PCAP.CD,,,2310,2490,2740,2960,3190,3460,3770,4100,4690,4990,5670,7050,8580,10160,10720,11290,12460,14790,17300,17530,15760,13550,13020,13080,15330,19360,24190,26090,27760,29110,31340,28200,27690,28070,30400,31390,31110,31100,31430,29550,28930,32550,39530,45490,48820,51970,55480,52470,54580,56570,58930,61580,61690,58250,54370,52970,55620,55840,
Eswatini,SWZ,"GNI per capita, Atlas method (current US$)",NY.GNP.PCAP.CD,,,,,,,,,,,,,300,370,470,,,,,,,,,,,,,,,,1290,1350,1570,1580,1570,1820,1930,1960,1740,1730,1670,1700,1570,1700,2160,3080,3300,3480,3360,3320,3460,4080,4590,4660,4320,4000,3470,3440,3600,3590,
Sint Maarten (Dutch part),SXM,"GNI per capita, Atlas method (current US$)",NY.GNP.PCAP.CD,,,,,,,,,,,,,,,,,,,,,,,,,,,,,,,,,,,,,,,,,,,,,,,,,,,,,,,,,,,,,
Seychelles,SYC,"GNI per capita, Atlas method (current US$)",NY.GNP.PCAP.CD,,,290,310,330,320,360,350,350,330,350,410,480,630,770,870,910,870,1170,1760,2110,2300,2290,2190,2220,2490,2740,3200,3970,4540,5030,5200,6000,6390,6530,6460,6740,7330,7320,7290,7290,7310,6850,7490,9280,11140,12580,12280,11180,10230,10220,10570,11540,12700,13350,14020,13840,14310,15670,16870,
Syrian Arab Republic,SYR,"GNI per capita, Atlas method (current US$)",NY.GNP.PCAP.CD,,,250,230,250,270,250,280,300,370,360,410,500,500,710,970,1090,1050,1170,1280,1570,1760,1750,1710,1650,1700,1480,1270,1190,890,910,990,1110,1070,970,900,850,850,920,890,970,1110,1210,1240,1380,1510,1620,1820,,,,,,,,,,,,,
Turks and Caicos Islands,TCA,"GNI per capita, Atlas method (current US$)",NY.GNP.PCAP.CD,,,,,,,,,,,,,,,,,,,,,,,,,,,,,,,,,,,,,,,,,,,,,,,,,,,,,,,22600,23800,25040,25410,26740,,
Chad,TCD,"GNI per capita, Atlas method (current US$)",NY.GNP.PCAP.CD,,,110,110,110,120,120,130,130,140,140,140,150,160,190,230,220,230,240,220,240,230,210,190,180,210,210,210,270,270,270,290,330,240,220,210,200,210,220,200,180,190,190,210,330,470,530,630,700,830,910,880,960,970,980,880,730,640,680,700,
East Asia & Pacific (IDA & IBRD countries),TEA,"GNI per capita, Atlas method (current US$)",NY.GNP.PCAP.CD,,,72.12209519,78.44750452,87.20253508,98.79932594,106.8929146,100.8219396,97.6186382,109.3845683,122.5220158,125.9722395,133.0345926,160.6309327,188.0156459,218.7554974,213.9314691,227.5211653,241.3600172,266.4868951,294.5280113,311.6729445,311.1212782,307.1441541,325.4644045,348.2350806,369.8430915,386.3382866,406.0782457,407.8081113,423.3900742,453.9180436,504.0197185,547.4255586,614.6173037,706.9890405,822.8633085,891.9353681,837.4430114,861.8754283,920.994269,993.7131224,1076.44076,1223.237656,1438.882012,1654.747147,1914.845618,2297.911598,2800.02945,3248.944919,3799.137819,4388.09695,5128.860387,5768.508314,6276.36146,6540.85021,6751.951269,7092.333377,7780.402136,8386.495827,
Europe & Central Asia (IDA & IBRD countries),TEC,"GNI per capita, Atlas method (current US$)",NY.GNP.PCAP.CD,,,,,,,,,,,,,,,,,,,,,,,,,,,,,,,,2324.122042,2197.17076,2159.184731,1985.169941,2063.941879,2131.02478,2231.761091,2101.18334,1984.653064,2078.721548,2008.440528,2169.827204,2537.944068,3250.161282,4118.231448,5038.81101,6206.594415,7560.407426,7524.972399,7978.214366,8559.900761,9655.610181,10536.51102,10477.80835,9250.546137,8180.139864,7912.781322,8426.523156,8862.019266,
Togo,TGO,"GNI per capita, Atlas method (current US$)",NY.GNP.PCAP.CD,,,90,90,100,110,120,120,130,140,130,130,140,170,220,260,270,290,330,350,420,390,320,250,230,230,250,310,390,400,400,400,420,330,310,300,310,350,330,310,310,290,300,350,390,400,410,420,470,530,560,610,590,620,640,640,610,600,660,690,
Thailand,THA,"GNI per capita, Atlas method (current US$)",NY.GNP.PCAP.CD,,,110,120,130,140,160,170,180,190,210,210,220,260,330,380,420,450,530,610,710,760,760,760,790,790,830,950,1160,1320,1490,1660,1880,2130,2400,2740,2950,2680,2080,1980,1980,1960,1990,2180,2530,2790,3100,3530,3970,4140,4580,4950,5520,5720,5760,5710,5700,5960,6600,7260,
Tajikistan,TJK,"GNI per capita, Atlas method (current US$)",NY.GNP.PCAP.CD,,,,,,,,,,,,,,,,,,,,,,,,,,,,,,,,,350,290,210,210,170,170,180,180,170,160,170,210,270,380,470,580,750,800,920,1020,1150,1330,1350,1250,1100,1010,1000,1030,
Turkmenistan,TKM,"GNI per capita, Atlas method (current US$)",NY.GNP.PCAP.CD,,,,,,,,,,,,,,,,,,,,,,,,,,,,,,,,,,800,680,610,610,550,560,620,600,650,750,990,1310,1590,1890,2320,3040,3550,4070,4730,5560,6510,7200,7030,6820,6380,6740,,
Latin America & the Caribbean (IDA & IBRD countries),TLA,"GNI per capita, Atlas method (current US$)",NY.GNP.PCAP.CD,,,,,,,478.101921,488.7360777,523.5675031,556.599929,591.0633805,648.0190066,713.8999813,874.6850236,1112.036278,1282.509624,1350.595065,1392.00676,1519.103766,1790.7883,2114.124232,2278.156012,2155.792895,1890.549233,1791.291239,1756.718498,1825.329437,1956.219204,2072.139857,2180.514141,2288.935998,2662.258077,2962.861878,3202.005503,3432.898101,3655.785855,3962.802538,4259.232867,4241.781726,4024.323303,4107.876578,3980.470896,3715.986,3692.621168,3996.714038,4487.413306,5185.741873,6072.591511,7022.89709,7194.236785,7995.327139,8833.66323,9759.49566,10167.32761,10054.96087,9212.04475,8459.733537,8327.903184,8620.155723,8679.700581,
Timor-Leste,TLS,"GNI per capita, Atlas method (current US$)",NY.GNP.PCAP.CD,,,,,,,,,,,,,,,,,,,,,,,,,,,,,,,,,,,,,,,,,,,750,670,780,930,1310,1840,2970,2330,2850,3710,3630,3200,2690,2200,1750,1790,1810,1890,
Middle East & North Africa (IDA & IBRD countries),TMN,"GNI per capita, Atlas method (current US$)",NY.GNP.PCAP.CD,,,,,,,,,,,,,,,,,,,,,,,,,,,,,,,,,,,,1239.785733,1376.208642,1463.927385,1505.890425,1510.539047,1567.486965,1600.081958,1609.079027,1723.36635,1906.913893,2160.102594,2437.571919,2855.173001,3374.304291,3694.735853,4012.027904,4116.435738,4595.773841,4761.929605,4633.51642,4178.577783,4110.617723,3864.134533,,,
Tonga,TON,"GNI per capita, Atlas method (current US$)",NY.GNP.PCAP.CD,,,,,,,,,,,,,,,,,,,,,,,,690,690,720,770,870,1070,1160,1220,1350,1450,1530,1820,2010,2280,2260,2210,2100,2050,2000,1980,2000,2190,2450,2720,2840,3220,3370,3570,3800,4310,4480,4570,4520,4300,4250,4300,,
South Asia (IDA & IBRD),TSA,"GNI per capita, Atlas method (current US$)",NY.GNP.PCAP.CD,,,86.65540529,93.9319031,104.5519945,109.3418002,105.4030701,106.6242599,104.0722955,111.4442623,118.1058156,121.960064,126.011147,142.2327863,164.7218123,187.9136402,182.2738807,185.5563046,205.1730019,224.3003301,269.5942588,296.0721454,290.1690886,285.1558423,282.7980351,292.0695383,311.8802091,346.5474111,383.9971137,381.1765994,378.0468146,349.9182236,351.252535,337.0145086,350.7646185,376.4386818,407.5278797,415.4717715,416.7929945,436.7652933,445.8004041,455.4945145,463.3394947,517.1134767,602.5073947,691.4048292,765.4138137,874.8280261,953.5493701,1058.607212,1153.256313,1283.571509,1397.599375,1444.827778,1489.38221,1535.532652,1614.446622,1746.469846,1915.430049,2018.591993,
Sub-Saharan Africa (IDA & IBRD countries),TSS,"GNI per capita, Atlas method (current US$)",NY.GNP.PCAP.CD,,,121.0224571,127.9666291,134.0337021,141.7647061,147.1816145,150.9785578,157.5858669,170.8391553,192.2455448,204.9223493,218.4289717,252.7455551,330.7390319,386.2522288,414.5871899,426.2711784,448.4348999,524.4373482,625.2957255,721.4443469,758.5345815,746.832416,656.0081715,591.2018023,566.9697943,604.6350258,656.7289618,643.6958043,628.7117156,625.900048,621.0685017,585.4406637,560.2647161,575.7911342,597.0761373,610.6065513,576.3108606,564.5390634,556.8808359,550.2757708,559.0729477,608.7615404,739.2455773,902.5335595,1047.711101,1180.937174,1332.549039,1377.408907,1444.085853,1529.647239,1672.290663,1759.91075,1812.14478,1731.296437,1578.910569,1489.832236,1507.978343,1550.182071,
Trinidad and Tobago,TTO,"GNI per capita, Atlas method (current US$)",NY.GNP.PCAP.CD,,,640,750,800,820,760,770,790,810,830,870,1000,1200,1500,2170,2530,2810,3360,3940,5140,6060,6710,6120,6030,5900,5090,4280,3930,3630,3710,3890,4420,4080,3880,3970,4230,4500,4620,4890,5400,6070,6760,8070,9700,11190,13280,15000,17350,16200,16460,14970,16840,18750,18560,19130,16720,15950,16020,16890,
Tunisia,TUN,"GNI per capita, Atlas method (current US$)",NY.GNP.PCAP.CD,,,,,,,,220,250,260,270,310,400,460,610,760,810,850,940,1130,1360,1420,1280,1180,1160,1150,1140,1270,1330,1290,1410,1460,1680,1660,1710,1790,1970,2120,2150,2260,2270,2240,2180,2460,2900,3160,3330,3530,3850,4070,4130,3990,4100,4160,4160,3960,3750,3520,3500,3360,
Turkey,TUR,"GNI per capita, Atlas method (current US$)",NY.GNP.PCAP.CD,,,,,,,,470,520,560,560,530,560,640,860,1110,1310,1410,1530,1820,1860,1860,1570,1400,1310,1310,1450,1740,1860,1920,2310,2590,2940,3140,2680,2850,2920,3190,3430,3580,4300,3550,3560,3910,5220,6760,7820,8880,9780,9580,10430,11230,11870,12510,12560,11960,11180,10900,10420,9610,
Tuvalu,TUV,"GNI per capita, Atlas method (current US$)",NY.GNP.PCAP.CD,,,,,,,,,,,,,,,,,,,,,,,,,,,,,,,,,,,,,,,,,,2710,3310,2490,3240,3630,3780,4500,4660,4820,4400,4720,4430,5560,4670,5440,5070,4810,5430,5620,
Tanzania,TZA,"GNI per capita, Atlas method (current US$)",NY.GNP.PCAP.CD,,,,,,,,,,,,,,,,,,,,,,,,,,,,,,,200,190,180,170,160,170,190,220,270,330,410,410,420,430,470,500,520,540,600,670,720,770,810,890,970,980,970,970,1020,1080,
Uganda,UGA,"GNI per capita, Atlas method (current US$)",NY.GNP.PCAP.CD,,,,,,,,,,,,,,,,,,,,,,,,,180,200,250,310,400,400,320,250,190,180,180,230,280,300,290,290,270,250,250,250,280,310,350,390,440,550,670,850,820,800,820,830,790,740,750,780,
Ukraine,UKR,"GNI per capita, Atlas method (current US$)",NY.GNP.PCAP.CD,,,,,,,,,,,,,,,,,,,,,,,,,,,,,,1620,1610,1520,1420,1230,1000,920,860,890,850,760,700,730,790,980,1270,1540,1950,2590,3210,2840,2980,3110,3500,3800,3560,2700,2370,2380,2800,3370,
Upper middle income,UMC,"GNI per capita, Atlas method (current US$)",NY.GNP.PCAP.CD,,,,,,,222.4891738,220.5647441,228.5755633,249.0673132,270.6296347,287.0505572,310.7611043,378.8988286,469.8896977,555.9771843,575.5807598,600.6468361,647.5748186,750.4991679,850.3416511,910.9421326,898.1480258,833.5547319,829.9064361,852.9385687,899.4018457,958.5629868,1003.252893,1020.448649,1100.73524,1235.712593,1317.854104,1388.957041,1453.02483,1570.566176,1719.732532,1840.117813,1767.401265,1721.144617,1798.883504,1813.830339,1846.686903,2010.089184,2344.377397,2752.896467,3231.212797,3861.514149,4603.740251,4969.765671,5622.362823,6319.030098,7239.356753,7894.900357,8184.73288,7955.637216,7777.972002,7940.976102,8560.506626,9073.974463,
Uruguay,URY,"GNI per capita, Atlas method (current US$)",NY.GNP.PCAP.CD,,,580,610,660,680,720,640,610,670,820,850,870,1060,1370,1620,1490,1420,1630,2150,2870,3650,3290,2190,1740,1510,1780,2210,2600,2730,2840,3180,3830,4350,5040,5530,6160,6970,7240,7260,7060,6500,5140,4250,4130,4720,5390,6390,7710,8810,10440,12060,13370,15320,15830,15640,14980,15150,15910,16230,
United States,USA,"GNI per capita, Atlas method (current US$)",NY.GNP.PCAP.CD,,,3280,3410,3610,3880,4190,4370,4740,5070,5230,5620,6280,7290,7980,8510,8960,9590,10760,12200,13380,14360,14220,14570,16210,17460,19110,21390,23490,23770,24060,24270,25680,26390,27650,29040,30270,31270,32030,33670,35960,36710,37310,39770,43510,46190,47880,48500,48980,47730,48990,50570,52770,53950,55850,56740,57180,59060,63200,65760,
Uzbekistan,UZB,"GNI per capita, Atlas method (current US$)",NY.GNP.PCAP.CD,,,,,,,,,,,,,,,,,,,,,,,,,,,,,,,,,600,590,570,580,600,610,620,650,630,560,450,420,460,530,610,770,980,1150,1370,1650,2020,2270,2470,2600,2660,2350,2020,1800,
St. Vincent and the Grenadines,VCT,"GNI per capita, Atlas method (current US$)",NY.GNP.PCAP.CD,,,180,160,170,180,180,170,190,190,210,220,300,310,340,370,390,460,560,710,830,960,1030,1090,1200,1330,1450,1660,1950,2030,2110,2230,2540,2680,2640,2890,3000,3070,3190,3310,3470,3650,3950,4380,4730,4960,5470,5910,6260,6320,6090,6130,6400,6560,6390,6560,6800,6970,7340,7460,
"Venezuela, RB",VEN,"GNI per capita, Atlas method (current US$)",NY.GNP.PCAP.CD,,,960,990,950,890,820,840,900,910,980,1010,1120,1340,1720,2140,2470,2600,2790,3180,3610,4100,4050,3780,3640,3520,3610,3350,3400,2560,2670,2690,2870,2850,2740,3040,3100,3470,3420,3570,4120,4600,3990,3490,4110,4980,6130,7630,9400,10380,11810,11980,12710,11970,13080,,,,,,
British Virgin Islands,VGB,"GNI per capita, Atlas method (current US$)",NY.GNP.PCAP.CD,,,,,,,,,,,,,,,,,,,,,,,,,,,,,,,,,,,,,,,,,,,,,,,,,,,,,,,,,,,,,
Virgin Islands (U.S.),VIR,"GNI per capita, Atlas method (current US$)",NY.GNP.PCAP.CD,,,,,,,,,,,,,,,,,,,,,,,,,,,,,,,,,,,,,,,,,,,,,,,,,,,,,,,,,,,,,
Vietnam,VNM,"GNI per capita, Atlas method (current US$)",NY.GNP.PCAP.CD,,,,,,,,,,,,,,,,,,,,,,,,,,,,,,210,130,110,130,160,190,250,300,330,340,360,410,430,450,500,580,630,720,840,980,1010,1250,1370,1540,1720,1880,1970,2080,2120,2360,2540,
Vanuatu,VUT,"GNI per capita, Atlas method (current US$)",NY.GNP.PCAP.CD,,,,,,,,,,,,,,,,,,,,,,850,800,810,860,960,980,860,990,1090,1200,1090,1120,1210,1170,1270,1280,1310,1420,1420,1430,1370,1230,1360,1590,1780,1990,2130,2540,2620,2690,2850,2930,3160,3120,2910,2850,2880,3110,3170,
World,WLD,"GNI per capita, Atlas method (current US$)",NY.GNP.PCAP.CD,,,483.0190304,509.8800091,546.3575199,588.0378099,630.6846205,657.8335779,706.137534,761.769401,804.0820718,866.456119,975.7418828,1180.017861,1381.438002,1546.501385,1623.190203,1719.189965,1929.512722,2278.86045,2609.598352,2712.50327,2581.21741,2450.647348,2495.718088,2575.929409,2839.760102,3311.494513,3909.225906,4057.325582,4208.807884,4357.610411,4670.284224,4748.188945,4941.056802,5239.242825,5489.547968,5535.523591,5302.867709,5308.15293,5491.182273,5468.039359,5427.008767,5829.016379,6642.42965,7360.951203,7852.888099,8371.274032,8960.707245,8990.701474,9420.305241,9909.728813,10504.57821,10884.01986,11005.4855,10672.75694,10412.45773,10477.31375,11159.86728,11569.8378,
Samoa,WSM,"GNI per capita, Atlas method (current US$)",NY.GNP.PCAP.CD,,,,,,,,,,,,,,,,,,,,,,,,,510,480,500,530,550,580,570,540,,,,,,,,,,,1520,1660,1990,2320,2560,2850,3060,3030,3230,3520,3660,3800,3820,3960,4110,4060,4020,4180,
Kosovo,XKX,"GNI per capita, Atlas method (current US$)",NY.GNP.PCAP.CD,,,,,,,,,,,,,,,,,,,,,,,,,,,,,,,,,,,,,,,,,,,,,1940,2270,2470,2690,3070,3290,3420,3640,3780,3960,4020,4010,3970,3970,4340,4640,
"Yemen, Rep.",YEM,"GNI per capita, Atlas method (current US$)",NY.GNP.PCAP.CD,,,,,,,,,,,,,,,,,,,,,,,,,,,,,,,,,510,460,380,320,300,330,370,380,430,480,520,550,610,700,810,890,1010,1100,1200,1080,1260,1440,1460,1150,1070,970,940,,
South Africa,ZAF,"GNI per capita, Atlas method (current US$)",NY.GNP.PCAP.CD,,,460,490,520,560,590,650,690,740,800,870,920,1110,1400,1610,1560,1500,1610,1940,2500,2880,2770,2520,2460,2130,1990,2210,2670,2830,2860,3000,3250,3380,3510,3640,3660,3600,3230,3130,3070,2860,2670,2920,3720,4990,5630,5910,5980,5850,6190,6990,7570,7350,6760,6050,5470,5410,5750,6040,
Zambia,ZMB,"GNI per capita, Atlas method (current US$)",NY.GNP.PCAP.CD,,,190,190,210,270,280,330,370,410,450,440,440,450,580,590,570,500,490,510,610,690,610,500,420,340,250,260,330,400,430,390,360,380,350,380,400,400,360,350,330,350,360,410,460,560,720,900,1180,1280,1340,1420,1690,1760,1800,1580,1370,1300,1460,1450,
Zimbabwe,ZWE,"GNI per capita, Atlas method (current US$)",NY.GNP.PCAP.CD,,,270,270,260,280,280,300,300,340,400,410,450,530,670,730,710,650,650,730,900,1060,1040,960,830,740,690,700,810,840,860,850,700,640,630,620,690,700,620,570,510,540,490,440,450,460,440,420,330,420,630,920,1110,1210,1260,1280,1290,1360,1530,1390,
