year,ISO_code,countries,region,hf_score,hf_rank,Happiness.Rank,Happiness.Score,GNI_capita
2017,ALB,Albania,Eastern Europe,7.84,38,109,4.644000053,13071.095441848898
2017,DZA,Algeria,Middle East & North Africa,4.99,155,53,5.872000217,11371.701571086202
2017,AGO,Angola,Sub-Saharan Africa,5.4,151,140,3.7950000760000004,6861.58057100229
2017,ARG,Argentina,Latin America & the Caribbean,6.86,77,24,6.598999977,22962.352260915
2017,ARM,Armenia,Caucasus & Central Asia,7.42,54,121,4.375999928,12543.1901631056
2017,AUS,Australia,Oceania,8.62,5,10,7.28399992,47575.818054731906
2017,AUT,Austria,Western Europe,8.48,13,13,7.006000042,54151.5526961716
2017,AZE,Azerbaijan,Caucasus & Central Asia,6.22,121,85,5.234000206,13513.397268115401
2017,BHR,Bahrain,Middle East & North Africa,6.63,95,41,6.086999893,44966.495440055995
2017,BGD,Bangladesh,South Asia,5.77,138,110,4.607999802,4339.89283530368
2017,BLR,Belarus,Eastern Europe,6.65,92,67,5.568999767,17584.766223036
2017,BEL,Belgium,Western Europe,8.29,23,17,6.890999794,51319.3657175499
2017,BLZ,Belize,Latin America & the Caribbean,6.95,68,50,5.9559998510000005,6507.26211509562
2017,BEN,Benin,Sub-Saharan Africa,6.77,85,143,3.657000065,3010.8996211975104
2017,BTN,Bhutan,South Asia,6.53,105,97,5.011000156000001,10174.641371374399
2017,BOL,Bolivia,Latin America & the Caribbean,6.61,97,58,5.822999954,8185.54211585471
2017,BIH,Bosnia and Herzegovina,Eastern Europe,7.37,55,90,5.18200016,13738.5246827048
2017,BWA,Botswana,Sub-Saharan Africa,7.17,60,142,3.766000032,15981.344644602901
2017,BRA,Brazil,Latin America & the Caribbean,6.48,109,22,6.635000229,14248.3106158812
2017,BGR,Bulgaria,Eastern Europe,7.79,39,105,4.714000225,20852.6034146304
2017,BFA,Burkina Faso,Sub-Saharan Africa,6.73,90,134,4.032000065,1976.75167439707
2017,BDI,Burundi,Sub-Saharan Africa,5.56,145,154,2.904999971,772.4012901488519
2017,KHM,Cambodia,South Asia,7.13,63,129,4.168000221000001,3684.4594374127705
2017,CMR,Cameroon,Sub-Saharan Africa,5.64,143,107,4.695000172,3487.38066128567
2017,CAN,Canada,North America,8.65,4,7,7.315999985,48068.856026805704
2017,CAF,Central Afr. Rep.,Sub-Saharan Africa,5.41,150,155,2.6930000780000003,959.3090454497279
2017,TCD,Chad,Sub-Saharan Africa,5.46,147,137,3.9360001089999996,1566.2598201906
2017,CHL,Chile,Latin America & the Caribbean,8.15,28,20,6.65199995,22685.2308363438
2017,CHN,China,East Asia,6.17,126,79,5.2729997630000005,14333.1332786676
2017,COL,Colombia,Latin America & the Caribbean,6.93,71,36,6.3569998739999996,14054.877034270501
2017,CRI,Costa Rica,Latin America & the Caribbean,7.7,43,12,7.078999996,18160.745522203102
2017,HRV,Croatia,Eastern Europe,7.86,37,77,5.293000221000001,26204.5179287875
2017,CYP,Cyprus,Eastern Europe,7.93,36,65,5.620999812999999,36615.7362164962
2017,CZE,Czech Rep.,Eastern Europe,8.34,21,23,6.609000206,36123.6270618233
2017,DNK,Denmark,Western Europe,8.56,6,2,7.521999836,56234.8407568118
2017,DOM,Dominican Rep.,Latin America & the Caribbean,6.95,68,86,5.230000018999999,15941.6818911597
2017,ECU,Ecuador,Latin America & the Caribbean,6.82,82,44,6.007999897,11359.6815844761
2017,EGY,Egypt,Middle East & North Africa,4.5,157,104,4.735000134,10799.5824289783
2017,SLV,El Salvador,Latin America & the Caribbean,6.89,75,45,6.002999783,7984.42665522818
2017,EST,Estonia,Eastern Europe,8.46,15,66,5.611000061,33018.314344498
2017,ETH,Ethiopia,Sub-Saharan Africa,5.25,153,119,4.460000038,2009.55589504922
2017,FIN,Finland,Western Europe,8.53,8,5,7.468999863,47490.909797918204
2017,FRA,France,Western Europe,8.02,33,31,6.441999912000001,45850.9301580929
2017,GAB,Gabon,Sub-Saharan Africa,5.99,132,118,4.465000153,14058.120153041698
2017,GEO,Georgia,Caucasus & Central Asia,7.74,41,125,4.285999775,12923.9815273272
2017,DEU,Germany,Western Europe,8.53,8,16,6.951000214,54368.2854934805
2017,GHA,Ghana,Sub-Saharan Africa,6.94,70,131,4.1199998860000004,4863.97503028016
2017,GRC,Greece,Eastern Europe,7.33,57,87,5.2270002369999995,29145.5579487256
2017,GTM,Guatemala,Latin America & the Caribbean,7.07,65,29,6.453999996,8143.018991115329
2017,GIN,Guinea,Sub-Saharan Africa,5.61,144,149,3.5069999689999998,2408.65797175226
2017,HTI,Haiti,Latin America & the Caribbean,6.71,91,145,3.6029999260000003,1774.9156710236603
2017,HND,Honduras,Latin America & the Caribbean,6.81,84,91,5.181000233,5221.697870093471
2017,HUN,Hungary,Eastern Europe,7.65,45,75,5.323999882,28344.3074919983
2017,ISL,Iceland,Western Europe,8.41,18,3,7.504000187000001,54377.5001986401
2017,IND,India,South Asia,6.64,94,122,4.315000057,6119.130531972939
2017,IDN,Indonesia,South Asia,6.83,81,81,5.262000083999999,10589.3298306833
2017,IRN,Iran,Middle East & North Africa,5.1,154,108,4.691999912,14562.913297101499
2017,IRQ,Iraq,Middle East & North Africa,4.34,158,117,4.497000217,10890.9661916743
2017,IRL,Ireland,Western Europe,8.52,10,15,6.977000237,62042.6945411434
2017,ISR,Israel,Middle East & North Africa,7.61,46,11,7.212999821,38573.0599674904
2017,ITA,Italy,Western Europe,8.04,32,48,5.964000225,42013.2043532415
2017,JAM,Jamaica,Latin America & the Caribbean,7.2,59,76,5.31099987,9315.189101332171
2017,JPN,Japan,East Asia,8.28,25,51,5.920000076,42315.3357811659
2017,JOR,Jordan,Middle East & North Africa,6.84,80,74,5.335999966,9791.28844168496
2017,KAZ,Kazakhstan,Caucasus & Central Asia,6.9,73,60,5.818999767,22157.871103308702
2017,KEN,Kenya,Sub-Saharan Africa,6.85,79,112,4.552999973,3968.90735528269
2017,KWT,Kuwait,Middle East & North Africa,6.19,124,39,6.105000018999999,59255.4252881279
2017,KGZ,Kyrgyz Republic,Caucasus & Central Asia,6.98,67,98,5.004000187,4803.23230556766
2017,LVA,Latvia,Eastern Europe,8.29,23,54,5.849999905,28358.603882795498
2017,LBN,Lebanon,Middle East & North Africa,6.74,88,88,5.224999905,15942.2398677852
2017,LSO,Lesotho,Sub-Saharan Africa,6.54,104,139,3.808000088,3150.3822882828304
2017,LBR,Liberia,Sub-Saharan Africa,6.35,113,148,3.5329999919999997,1375.91434454448
2017,LTU,Lithuania,Eastern Europe,8.32,22,52,5.90199995,32560.849126239704
2017,LUX,Luxembourg,Western Europe,8.56,6,18,6.862999916000001,72746.02396167809
2017,MDG,Madagascar,Sub-Saharan Africa,6.32,115,144,3.644000053,1541.1714103638299
2017,MWI,Malawi,Sub-Saharan Africa,6.6,99,136,3.970000029,1012.2855962202001
2017,MYS,Malaysia,South Asia,6.52,106,42,6.084000111,25897.283372138598
2017,MLI,Mali,Sub-Saharan Africa,6.03,131,127,4.190000057,2175.0297919772
2017,MLT,Malta,Western Europe,8.37,20,27,6.52699995,37831.6353605245
2017,MRT,Mauritania,Sub-Saharan Africa,5.47,146,123,4.291999817,5004.577847091629
2017,MUS,Mauritius,Sub-Saharan Africa,7.52,50,64,5.629000187000001,23536.2478066738
2017,MEX,Mexico,Latin America & the Caribbean,6.65,92,25,6.578000069,19300.2063377854
2017,MNG,Mongolia,East Asia,7.61,46,100,4.954999924,9719.11642835255
2017,MNE,Montenegro,Eastern Europe,7.43,53,83,5.236999989,20034.7246106922
2017,MAR,Morocco,Middle East & North Africa,6.18,125,84,5.235000134,7170.82236893481
2017,MOZ,Mozambique,Sub-Saharan Africa,6.24,120,113,4.5500001910000005,1245.42832443911
2017,MMR,Myanmar,South Asia,5.44,148,114,4.545000076,4604.99177977974
2017,NAM,Namibia,Sub-Saharan Africa,6.75,87,111,4.573999882,9866.1956991722
2017,NPL,Nepal,South Asia,6.51,107,99,4.961999893,3135.22437558713
2017,NLD,Netherlands,Western Europe,8.5,11,6,7.376999855,55765.189100435404
2017,NZL,New Zealand,Oceania,8.88,1,8,7.31400013,39331.6445924489
2017,NIC,Nicaragua,Latin America & the Caribbean,6.86,77,43,6.071000099,5845.32866775143
2017,NER,Niger,Sub-Saharan Africa,5.87,136,135,4.027999878,1142.76921218794
2017,NGA,Nigeria,Sub-Saharan Africa,6.38,112,95,5.073999882,5031.6022839883
2017,NOR,Norway,Western Europe,8.44,17,1,7.537000179,65732.495483284
2017,PAK,Pakistan,South Asia,5.69,140,80,5.269000053,4821.11182377095
2017,PAN,Panama,Latin America & the Caribbean,7.69,44,30,6.452000141,28614.4061544348
2017,PRY,Paraguay,Latin America & the Caribbean,6.9,73,70,5.493000031,12204.526061583401
2017,PER,Peru,Latin America & the Caribbean,7.55,49,63,5.715000152999999,11931.1296924884
2017,PHL,Philippines,South Asia,6.88,76,72,5.429999828,9016.73278742628
2017,POL,Poland,Eastern Europe,7.78,40,46,5.97300005,28933.0366172031
2017,PRT,Portugal,Western Europe,8.27,26,89,5.195000172,32309.4502532388
2017,QAT,Qatar,Middle East & North Africa,6.15,127,35,6.375,94819.5784405326
2017,ROU,Romania,Eastern Europe,8.11,30,57,5.8249998089999995,26805.5151541062
2017,RUS,Russia,Eastern Europe,6.34,114,49,5.962999821,25311.2256039731
2017,RWA,Rwanda,Sub-Saharan Africa,6.82,82,151,3.4709999560000004,1909.36538523672
2017,SAU,Saudi Arabia,Middle East & North Africa,5.42,149,37,6.343999863,48044.120480536105
2017,SEN,Senegal,Sub-Saharan Africa,6.57,102,115,4.534999847,3114.29864739264
2017,SRB,Serbia,Eastern Europe,7.3,58,73,5.394999981000001,15449.8862680678
2017,SLE,Sierra Leone,Sub-Saharan Africa,5.99,132,106,4.709000111,1594.3080379405098
2017,SGP,Singapore,South Asia,8.11,30,26,6.5720000270000005,87735.7562944825
2017,SVK,Slovak Rep.,Eastern Europe,8.02,33,40,6.09800005,30266.9761188856
2017,SVN,Slovenia,Eastern Europe,7.97,35,62,5.757999897,35987.709045834104
2017,ZAF,South Africa,Sub-Saharan Africa,7.08,64,101,4.828999996,12322.436997
2017,ESP,Spain,Western Europe,8.12,29,34,6.402999877999999,39566.3725523066
2017,LKA,Sri Lanka,South Asia,6.41,110,120,4.440000057,12250.9454769153
2017,SDN,Sudan,Sub-Saharan Africa,4.32,159,130,4.138999939,4203.8277379556
2017,SWE,Sweden,Western Europe,8.5,11,9,7.28399992,53591.2792959862
2017,CHE,Switzerland,Western Europe,8.82,2,4,7.493999958,67888.1314507739
2017,TJK,Tajikistan,Caucasus & Central Asia,5.77,138,96,5.040999889,3614.1033142374395
2017,THA,Thailand,South Asia,6.55,103,32,6.423999786,16640.0636339357
2017,TGO,Togo,Sub-Saharan Africa,6.31,116,150,3.4949998860000004,1518.09744303069
2017,TTO,Trinidad and Tobago,Latin America & the Caribbean,6.62,96,38,6.168000221000001,26502.925548927902
2017,TUN,Tunisia,Middle East & North Africa,6.08,129,102,4.804999828,10268.5140250377
2017,TUR,Turkey,Middle East & North Africa,6.21,122,69,5.5,27570.783966030096
2017,UGA,Uganda,Sub-Saharan Africa,6.61,97,133,4.0809998510000005,2026.0383894458898
2017,UKR,Ukraine,Eastern Europe,6.26,118,132,4.096000195,12144.0137046524
2017,ARE,United Arab Emirates,Middle East & North Africa,6.13,128,21,6.647999763,67667.5298560295
2017,GBR,United Kingdom,Western Europe,8.47,14,19,6.714000225,45426.739014337596
2017,URY,Uruguay,Latin America & the Caribbean,7.74,41,28,6.453999996,20055.8016155109
2017,VNM,Vietnam,South Asia,6.29,117,94,5.073999882,6616.512089110301
2017,ZMB,Zambia,Sub-Saharan Africa,6.49,108,116,4.513999939,3330.7846561391198
2017,ZWE,Zimbabwe,Sub-Saharan Africa,5.65,142,138,3.875,2758.77808357273
